id,user_id,user_gender,user_age,state_id,state,city_id,city,product_id,product,category_id,category,price,referal_id,referal,weekday_id,hour_id,is_converted
1,157,1,40,2,SP,3,Osasco,4,Antigripal XYZ,2,Antigripal,10.0,1,Busca,4,18,1
2,48,1,36,1,PR,1,Curitiba,2,Analgésico XYZ,1,Analgésicos,77.0,1,Busca,2,8,1
3,170,1,55,2,SP,3,São Paulo,3,Antigripal ABC,2,Antigripal,28.0,3,Categorias,6,10,1
4,93,1,52,2,SP,3,Osasco,3,Antigripal ABC,2,Antigripal,83.0,2,Minhas Listas,3,15,0
5,122,2,31,2,SP,3,São Paulo,6,Câncer XYZ,3,Câncer,59.0,1,Busca,4,15,0
6,113,1,41,2,SP,3,Osasco,4,Antigripal XYZ,2,Antigripal,4.0,1,Busca,2,17,0
7,21,1,52,2,SP,3,São Paulo,4,Antigripal XYZ,2,Antigripal,5.0,3,Categorias,7,14,0
8,78,2,48,2,SP,3,São Paulo,5,Câncer ABC,3,Câncer,61.0,1,Busca,7,8,0
9,176,2,60,2,SP,3,São Paulo,3,Antigripal ABC,2,Antigripal,53.0,1,Busca,4,8,0
10,190,2,49,2,SP,3,São Paulo,2,Analgésico XYZ,1,Analgésicos,27.0,3,Categorias,6,22,1
11,94,1,34,1,PR,1,Curitiba,2,Analgésico XYZ,1,Analgésicos,67.0,1,Busca,7,6,0
12,88,2,55,2,SP,3,São Paulo,4,Antigripal XYZ,2,Antigripal,73.0,1,Busca,6,23,1
13,39,2,47,1,PR,1,Curitiba,1,Analgésico ABC,1,Analgésicos,5.0,3,Categorias,4,15,1
14,197,2,49,1,PR,3,Maringá,3,Antigripal ABC,2,Antigripal,34.0,3,Categorias,7,7,0
15,27,2,35,1,PR,1,Curitiba,2,Analgésico XYZ,1,Analgésicos,31.0,1,Busca,5,22,1
16,20,2,43,1,PR,1,Curitiba,1,Analgésico ABC,1,Analgésicos,14.0,2,Minhas Listas,1,19,1
17,141,2,26,1,PR,3,Maringá,3,Antigripal ABC,2,Antigripal,83.0,2,Minhas Listas,4,17,1
18,195,2,22,1,PR,3,Maringá,3,Antigripal ABC,2,Antigripal,96.0,3,Categorias,1,14,1
19,5,2,51,1,PR,3,Maringá,3,Antigripal ABC,2,Antigripal,7.0,2,Minhas Listas,7,20,1
20,22,2,47,2,SP,3,Osasco,1,Analgésico ABC,1,Analgésicos,12.0,1,Busca,4,15,1
21,137,2,55,2,SP,3,Osasco,6,Câncer XYZ,3,Câncer,97.0,2,Minhas Listas,3,6,1
22,82,2,52,1,PR,1,Curitiba,1,Analgésico ABC,1,Analgésicos,65.0,1,Busca,7,17,1
23,22,2,47,2,SP,3,São Paulo,6,Câncer XYZ,3,Câncer,16.0,2,Minhas Listas,1,14,0
24,109,1,48,2,SP,3,São Paulo,1,Analgésico ABC,1,Analgésicos,50.0,1,Busca,3,18,0
25,59,2,36,2,SP,3,Osasco,4,Antigripal XYZ,2,Antigripal,23.0,3,Categorias,7,12,1
26,2,2,34,1,PR,1,Curitiba,5,Câncer ABC,3,Câncer,20.0,1,Busca,3,19,0
27,182,1,22,2,SP,3,Osasco,5,Câncer ABC,3,Câncer,82.0,1,Busca,3,19,0
28,1,2,23,1,PR,3,Maringá,1,Analgésico ABC,1,Analgésicos,70.0,3,Categorias,1,6,0
29,147,2,57,2,SP,3,São Paulo,2,Analgésico XYZ,1,Analgésicos,50.0,1,Busca,4,16,1
30,182,1,22,2,SP,3,São Paulo,2,Analgésico XYZ,1,Analgésicos,6.0,3,Categorias,2,20,0
31,59,2,36,2,SP,3,Osasco,2,Analgésico XYZ,1,Analgésicos,10.0,2,Minhas Listas,1,10,1
32,67,1,52,2,SP,3,São Paulo,4,Antigripal XYZ,2,Antigripal,75.0,3,Categorias,6,7,0
33,12,1,34,1,PR,3,Maringá,5,Câncer ABC,3,Câncer,83.0,2,Minhas Listas,6,11,1
34,137,2,55,2,SP,3,São Paulo,1,Analgésico ABC,1,Analgésicos,93.0,2,Minhas Listas,3,15,1
35,53,2,58,1,PR,3,Maringá,6,Câncer XYZ,3,Câncer,5.0,3,Categorias,5,16,1
36,48,1,36,1,PR,3,Maringá,1,Analgésico ABC,1,Analgésicos,65.0,1,Busca,2,23,0
37,76,2,39,2,SP,3,São Paulo,5,Câncer ABC,3,Câncer,47.0,3,Categorias,1,16,0
38,178,1,28,2,SP,3,São Paulo,1,Analgésico ABC,1,Analgésicos,52.0,3,Categorias,2,14,0
39,87,2,23,2,SP,3,Osasco,4,Antigripal XYZ,2,Antigripal,13.0,3,Categorias,4,7,0
40,49,2,36,2,SP,3,São Paulo,2,Analgésico XYZ,1,Analgésicos,99.0,2,Minhas Listas,1,16,0
41,194,1,29,1,PR,3,Maringá,5,Câncer ABC,3,Câncer,6.0,3,Categorias,2,22,1
42,85,2,56,1,PR,1,Curitiba,6,Câncer XYZ,3,Câncer,77.0,3,Categorias,7,20,1
43,8,1,60,1,PR,3,Maringá,6,Câncer XYZ,3,Câncer,99.0,1,Busca,5,21,1
44,25,1,57,2,SP,3,São Paulo,4,Antigripal XYZ,2,Antigripal,23.0,1,Busca,2,21,1
45,71,2,42,1,PR,3,Maringá,5,Câncer ABC,3,Câncer,29.0,2,Minhas Listas,1,8,0
46,82,2,52,1,PR,1,Curitiba,6,Câncer XYZ,3,Câncer,6.0,2,Minhas Listas,7,19,1
47,58,2,25,2,SP,3,Osasco,4,Antigripal XYZ,2,Antigripal,55.0,3,Categorias,7,13,0
48,191,1,28,2,SP,3,Osasco,4,Antigripal XYZ,2,Antigripal,45.0,3,Categorias,6,15,0
49,78,2,48,1,PR,1,Curitiba,4,Antigripal XYZ,2,Antigripal,59.0,1,Busca,5,17,0
50,10,2,25,1,PR,3,Maringá,1,Analgésico ABC,1,Analgésicos,29.0,2,Minhas Listas,6,15,1
51,26,2,29,1,PR,1,Curitiba,5,Câncer ABC,3,Câncer,88.0,1,Busca,3,22,0
52,84,1,56,2,SP,3,Osasco,4,Antigripal XYZ,2,Antigripal,54.0,2,Minhas Listas,5,21,1
53,116,1,47,1,PR,3,Maringá,6,Câncer XYZ,3,Câncer,40.0,1,Busca,7,22,0
54,3,2,40,1,PR,1,Curitiba,2,Analgésico XYZ,1,Analgésicos,33.0,3,Categorias,2,8,0
55,130,2,39,1,PR,1,Curitiba,2,Analgésico XYZ,1,Analgésicos,97.0,3,Categorias,5,6,0
56,52,1,27,1,PR,3,Maringá,1,Analgésico ABC,1,Analgésicos,89.0,3,Categorias,2,20,1
57,75,1,52,1,PR,1,Curitiba,5,Câncer ABC,3,Câncer,7.0,1,Busca,4,24,0
58,21,1,52,2,SP,3,São Paulo,4,Antigripal XYZ,2,Antigripal,7.0,1,Busca,4,17,1
59,92,2,23,2,SP,3,Osasco,6,Câncer XYZ,3,Câncer,23.0,3,Categorias,6,8,0
60,150,2,43,1,PR,3,Maringá,3,Antigripal ABC,2,Antigripal,6.0,3,Categorias,7,20,1
61,119,2,53,1,PR,1,Curitiba,4,Antigripal XYZ,2,Antigripal,31.0,1,Busca,7,11,1
62,114,2,49,1,PR,1,Curitiba,2,Analgésico XYZ,1,Analgésicos,3.0,2,Minhas Listas,7,13,1
63,39,2,47,1,PR,1,Curitiba,1,Analgésico ABC,1,Analgésicos,69.0,3,Categorias,6,10,0
64,131,2,51,2,SP,3,Osasco,4,Antigripal XYZ,2,Antigripal,86.0,1,Busca,1,6,0
65,137,2,55,1,PR,3,Maringá,4,Antigripal XYZ,2,Antigripal,92.0,1,Busca,1,9,0
66,103,1,47,1,PR,1,Curitiba,5,Câncer ABC,3,Câncer,59.0,2,Minhas Listas,7,19,0
67,154,2,58,1,PR,3,Maringá,3,Antigripal ABC,2,Antigripal,62.0,2,Minhas Listas,2,7,0
68,155,2,41,2,SP,3,São Paulo,2,Analgésico XYZ,1,Analgésicos,51.0,1,Busca,4,13,1
69,33,1,45,2,SP,3,São Paulo,5,Câncer ABC,3,Câncer,93.0,1,Busca,2,13,0
70,170,1,55,1,PR,1,Curitiba,6,Câncer XYZ,3,Câncer,48.0,1,Busca,3,6,1
71,186,2,43,2,SP,3,São Paulo,2,Analgésico XYZ,1,Analgésicos,8.0,1,Busca,2,16,1
72,136,2,24,1,PR,3,Maringá,6,Câncer XYZ,3,Câncer,29.0,3,Categorias,1,13,0
73,189,1,56,1,PR,3,Maringá,1,Analgésico ABC,1,Analgésicos,15.0,3,Categorias,4,11,1
74,69,1,39,2,SP,3,São Paulo,3,Antigripal ABC,2,Antigripal,89.0,3,Categorias,5,13,0
75,151,1,45,1,PR,1,Curitiba,5,Câncer ABC,3,Câncer,61.0,2,Minhas Listas,3,11,1
76,23,1,40,2,SP,3,Osasco,4,Antigripal XYZ,2,Antigripal,4.0,2,Minhas Listas,4,17,0
77,28,2,21,1,PR,1,Curitiba,1,Analgésico ABC,1,Analgésicos,75.0,3,Categorias,1,22,1
78,123,2,27,1,PR,1,Curitiba,5,Câncer ABC,3,Câncer,31.0,3,Categorias,6,8,1
79,59,2,36,2,SP,3,Osasco,6,Câncer XYZ,3,Câncer,68.0,1,Busca,7,13,1
80,26,2,29,1,PR,3,Maringá,2,Analgésico XYZ,1,Analgésicos,36.0,3,Categorias,6,16,1
81,132,1,47,2,SP,3,Osasco,2,Analgésico XYZ,1,Analgésicos,48.0,3,Categorias,7,18,1
82,51,2,33,2,SP,3,São Paulo,4,Antigripal XYZ,2,Antigripal,59.0,1,Busca,6,8,0
83,92,2,23,2,SP,3,Osasco,6,Câncer XYZ,3,Câncer,14.0,1,Busca,2,24,1
84,171,2,25,2,SP,3,Osasco,3,Antigripal ABC,2,Antigripal,48.0,1,Busca,6,18,0
85,125,1,45,1,PR,3,Maringá,3,Antigripal ABC,2,Antigripal,77.0,1,Busca,6,19,0
86,134,1,48,2,SP,3,Osasco,3,Antigripal ABC,2,Antigripal,53.0,1,Busca,5,8,1
87,175,1,34,2,SP,3,Osasco,5,Câncer ABC,3,Câncer,98.0,3,Categorias,4,16,1
88,112,2,54,1,PR,1,Curitiba,3,Antigripal ABC,2,Antigripal,16.0,1,Busca,7,7,0
89,56,2,20,1,PR,3,Maringá,3,Antigripal ABC,2,Antigripal,57.0,1,Busca,7,7,0
90,2,2,34,1,PR,1,Curitiba,5,Câncer ABC,3,Câncer,75.0,3,Categorias,3,22,0
91,182,1,22,2,SP,3,Osasco,2,Analgésico XYZ,1,Analgésicos,58.0,1,Busca,6,24,0
92,11,1,51,2,SP,3,São Paulo,3,Antigripal ABC,2,Antigripal,46.0,1,Busca,1,6,0
93,199,2,57,1,PR,3,Maringá,6,Câncer XYZ,3,Câncer,26.0,2,Minhas Listas,5,7,1
94,175,1,34,2,SP,3,São Paulo,1,Analgésico ABC,1,Analgésicos,25.0,2,Minhas Listas,3,11,1
95,172,2,57,2,SP,3,São Paulo,1,Analgésico ABC,1,Analgésicos,35.0,1,Busca,4,11,1
96,161,2,30,2,SP,3,São Paulo,3,Antigripal ABC,2,Antigripal,79.0,2,Minhas Listas,5,20,0
97,187,2,25,2,SP,3,Osasco,5,Câncer ABC,3,Câncer,61.0,1,Busca,3,9,1
98,62,2,60,2,SP,3,São Paulo,5,Câncer ABC,3,Câncer,6.0,1,Busca,7,13,1
99,73,2,29,2,SP,3,São Paulo,6,Câncer XYZ,3,Câncer,90.0,3,Categorias,1,18,0
100,39,2,47,2,SP,3,Osasco,3,Antigripal ABC,2,Antigripal,95.0,2,Minhas Listas,7,10,0
101,37,1,60,1,PR,1,Curitiba,1,Analgésico ABC,1,Analgésicos,100.0,3,Categorias,1,24,1
102,85,2,56,2,SP,3,Osasco,3,Antigripal ABC,2,Antigripal,86.0,2,Minhas Listas,7,20,1
103,49,2,36,1,PR,1,Curitiba,5,Câncer ABC,3,Câncer,30.0,1,Busca,7,19,1
104,118,2,20,1,PR,3,Maringá,1,Analgésico ABC,1,Analgésicos,97.0,3,Categorias,5,12,1
105,16,1,47,2,SP,3,São Paulo,3,Antigripal ABC,2,Antigripal,65.0,2,Minhas Listas,3,23,0
106,35,1,43,2,SP,3,Osasco,2,Analgésico XYZ,1,Analgésicos,50.0,3,Categorias,1,12,0
107,73,2,29,1,PR,3,Maringá,1,Analgésico ABC,1,Analgésicos,74.0,1,Busca,4,7,1
108,121,2,54,2,SP,3,Osasco,2,Analgésico XYZ,1,Analgésicos,45.0,1,Busca,1,8,0
109,173,2,30,2,SP,3,Osasco,5,Câncer ABC,3,Câncer,5.0,1,Busca,5,7,1
110,81,1,35,2,SP,3,São Paulo,5,Câncer ABC,3,Câncer,22.0,3,Categorias,2,18,1
111,50,1,21,2,SP,3,Osasco,6,Câncer XYZ,3,Câncer,6.0,1,Busca,4,10,1
112,88,2,55,1,PR,3,Maringá,5,Câncer ABC,3,Câncer,22.0,2,Minhas Listas,3,21,0
113,5,2,51,2,SP,3,São Paulo,6,Câncer XYZ,3,Câncer,28.0,2,Minhas Listas,7,12,1
114,159,1,45,2,SP,3,São Paulo,5,Câncer ABC,3,Câncer,48.0,1,Busca,4,11,0
115,168,1,46,1,PR,3,Maringá,5,Câncer ABC,3,Câncer,25.0,1,Busca,7,14,1
116,27,2,35,2,SP,3,Osasco,2,Analgésico XYZ,1,Analgésicos,60.0,2,Minhas Listas,6,9,1
117,185,1,57,2,SP,3,São Paulo,5,Câncer ABC,3,Câncer,66.0,3,Categorias,3,9,1
118,7,2,41,1,PR,1,Curitiba,5,Câncer ABC,3,Câncer,19.0,1,Busca,4,17,0
119,108,1,59,1,PR,3,Maringá,4,Antigripal XYZ,2,Antigripal,47.0,2,Minhas Listas,6,6,0
120,63,2,48,2,SP,3,Osasco,2,Analgésico XYZ,1,Analgésicos,7.0,3,Categorias,5,14,0
121,20,2,43,2,SP,3,Osasco,2,Analgésico XYZ,1,Analgésicos,86.0,2,Minhas Listas,3,11,1
122,5,2,51,2,SP,3,São Paulo,5,Câncer ABC,3,Câncer,76.0,3,Categorias,4,13,1
123,87,2,23,2,SP,3,São Paulo,2,Analgésico XYZ,1,Analgésicos,9.0,1,Busca,1,8,0
124,159,1,45,1,PR,3,Maringá,2,Analgésico XYZ,1,Analgésicos,62.0,3,Categorias,3,18,0
125,71,2,42,1,PR,1,Curitiba,5,Câncer ABC,3,Câncer,96.0,2,Minhas Listas,4,22,1
126,30,1,32,1,PR,1,Curitiba,3,Antigripal ABC,2,Antigripal,51.0,2,Minhas Listas,3,6,1
127,109,1,48,2,SP,3,Osasco,2,Analgésico XYZ,1,Analgésicos,90.0,1,Busca,5,15,0
128,17,1,46,1,PR,1,Curitiba,5,Câncer ABC,3,Câncer,87.0,2,Minhas Listas,4,11,1
129,164,1,34,2,SP,3,São Paulo,2,Analgésico XYZ,1,Analgésicos,32.0,1,Busca,2,24,0
130,172,2,57,1,PR,1,Curitiba,3,Antigripal ABC,2,Antigripal,82.0,2,Minhas Listas,3,18,1
131,161,2,30,2,SP,3,Osasco,1,Analgésico ABC,1,Analgésicos,30.0,1,Busca,2,14,0
132,57,1,51,1,PR,3,Maringá,1,Analgésico ABC,1,Analgésicos,22.0,1,Busca,3,7,1
133,94,1,34,2,SP,3,Osasco,5,Câncer ABC,3,Câncer,33.0,1,Busca,6,6,1
134,176,2,60,1,PR,3,Maringá,4,Antigripal XYZ,2,Antigripal,28.0,2,Minhas Listas,6,20,1
135,42,1,47,2,SP,3,Osasco,4,Antigripal XYZ,2,Antigripal,29.0,1,Busca,2,18,0
136,7,2,41,2,SP,3,São Paulo,4,Antigripal XYZ,2,Antigripal,56.0,3,Categorias,6,21,0
137,161,2,30,2,SP,3,São Paulo,1,Analgésico ABC,1,Analgésicos,59.0,2,Minhas Listas,5,16,0
138,181,2,55,1,PR,3,Maringá,3,Antigripal ABC,2,Antigripal,30.0,3,Categorias,4,12,1
139,52,1,27,2,SP,3,Osasco,6,Câncer XYZ,3,Câncer,17.0,2,Minhas Listas,2,12,0
140,119,2,53,1,PR,1,Curitiba,1,Analgésico ABC,1,Analgésicos,27.0,3,Categorias,7,19,1
141,103,1,47,2,SP,3,Osasco,3,Antigripal ABC,2,Antigripal,84.0,2,Minhas Listas,4,20,1
142,197,2,49,1,PR,3,Maringá,1,Analgésico ABC,1,Analgésicos,98.0,3,Categorias,7,12,0
143,24,2,55,2,SP,3,Osasco,3,Antigripal ABC,2,Antigripal,45.0,1,Busca,4,12,1
144,16,1,47,1,PR,1,Curitiba,3,Antigripal ABC,2,Antigripal,4.0,1,Busca,1,15,1
145,14,2,29,1,PR,1,Curitiba,3,Antigripal ABC,2,Antigripal,66.0,2,Minhas Listas,7,24,1
146,16,1,47,1,PR,1,Curitiba,4,Antigripal XYZ,2,Antigripal,49.0,2,Minhas Listas,5,18,1
147,23,1,40,1,PR,1,Curitiba,5,Câncer ABC,3,Câncer,62.0,1,Busca,2,21,0
148,106,1,43,1,PR,1,Curitiba,2,Analgésico XYZ,1,Analgésicos,86.0,3,Categorias,5,23,1
149,178,1,28,1,PR,3,Maringá,6,Câncer XYZ,3,Câncer,53.0,1,Busca,6,21,0
150,70,1,22,2,SP,3,São Paulo,4,Antigripal XYZ,2,Antigripal,12.0,2,Minhas Listas,6,18,0
151,86,1,21,1,PR,3,Maringá,5,Câncer ABC,3,Câncer,65.0,3,Categorias,7,14,0
152,100,1,40,1,PR,1,Curitiba,6,Câncer XYZ,3,Câncer,10.0,3,Categorias,3,13,1
153,93,1,52,2,SP,3,São Paulo,2,Analgésico XYZ,1,Analgésicos,37.0,2,Minhas Listas,7,13,1
154,67,1,52,1,PR,1,Curitiba,4,Antigripal XYZ,2,Antigripal,1.0,1,Busca,2,9,0
155,57,1,51,2,SP,3,São Paulo,6,Câncer XYZ,3,Câncer,70.0,1,Busca,7,6,1
156,96,2,37,2,SP,3,São Paulo,5,Câncer ABC,3,Câncer,43.0,2,Minhas Listas,3,9,0
157,151,1,45,2,SP,3,São Paulo,3,Antigripal ABC,2,Antigripal,18.0,1,Busca,4,15,1
158,65,2,52,2,SP,3,São Paulo,4,Antigripal XYZ,2,Antigripal,51.0,2,Minhas Listas,2,7,0
159,134,1,48,2,SP,3,Osasco,1,Analgésico ABC,1,Analgésicos,4.0,1,Busca,4,12,0
160,19,1,27,2,SP,3,São Paulo,2,Analgésico XYZ,1,Analgésicos,14.0,1,Busca,7,11,1
161,166,2,22,2,SP,3,São Paulo,4,Antigripal XYZ,2,Antigripal,92.0,1,Busca,4,20,1
162,91,1,57,1,PR,3,Maringá,1,Analgésico ABC,1,Analgésicos,93.0,1,Busca,4,14,0
163,31,2,42,2,SP,3,Osasco,5,Câncer ABC,3,Câncer,92.0,2,Minhas Listas,3,15,1
164,197,2,49,1,PR,3,Maringá,3,Antigripal ABC,2,Antigripal,97.0,1,Busca,5,6,0
165,129,1,38,2,SP,3,São Paulo,6,Câncer XYZ,3,Câncer,36.0,2,Minhas Listas,2,14,0
166,70,1,22,2,SP,3,Osasco,6,Câncer XYZ,3,Câncer,19.0,2,Minhas Listas,7,14,1
167,44,1,26,1,PR,1,Curitiba,4,Antigripal XYZ,2,Antigripal,13.0,2,Minhas Listas,1,23,1
168,66,2,28,1,PR,1,Curitiba,6,Câncer XYZ,3,Câncer,32.0,1,Busca,3,16,1
169,140,1,44,2,SP,3,São Paulo,1,Analgésico ABC,1,Analgésicos,15.0,1,Busca,1,18,1
170,174,2,48,2,SP,3,São Paulo,2,Analgésico XYZ,1,Analgésicos,61.0,1,Busca,1,12,1
171,59,2,36,1,PR,3,Maringá,1,Analgésico ABC,1,Analgésicos,54.0,2,Minhas Listas,2,11,0
172,61,1,26,2,SP,3,São Paulo,3,Antigripal ABC,2,Antigripal,36.0,2,Minhas Listas,7,15,0
173,172,2,57,1,PR,1,Curitiba,4,Antigripal XYZ,2,Antigripal,13.0,1,Busca,7,12,1
174,171,2,25,1,PR,3,Maringá,1,Analgésico ABC,1,Analgésicos,70.0,1,Busca,3,8,0
175,114,2,49,1,PR,3,Maringá,2,Analgésico XYZ,1,Analgésicos,35.0,2,Minhas Listas,2,18,1
176,141,2,26,2,SP,3,São Paulo,3,Antigripal ABC,2,Antigripal,24.0,1,Busca,4,12,0
177,44,1,26,1,PR,3,Maringá,4,Antigripal XYZ,2,Antigripal,61.0,2,Minhas Listas,5,11,1
178,192,1,40,1,PR,1,Curitiba,6,Câncer XYZ,3,Câncer,72.0,2,Minhas Listas,5,14,1
179,130,2,39,2,SP,3,Osasco,2,Analgésico XYZ,1,Analgésicos,1.0,3,Categorias,2,23,1
180,192,1,40,2,SP,3,São Paulo,1,Analgésico ABC,1,Analgésicos,24.0,2,Minhas Listas,3,20,1
181,73,2,29,1,PR,1,Curitiba,4,Antigripal XYZ,2,Antigripal,86.0,3,Categorias,5,10,0
182,65,2,52,1,PR,1,Curitiba,1,Analgésico ABC,1,Analgésicos,100.0,1,Busca,6,6,0
183,121,2,54,1,PR,3,Maringá,5,Câncer ABC,3,Câncer,31.0,3,Categorias,6,23,1
184,55,1,48,1,PR,1,Curitiba,6,Câncer XYZ,3,Câncer,49.0,1,Busca,3,24,0
185,30,1,32,1,PR,1,Curitiba,5,Câncer ABC,3,Câncer,80.0,1,Busca,4,12,1
186,141,2,26,1,PR,3,Maringá,5,Câncer ABC,3,Câncer,79.0,2,Minhas Listas,7,14,0
187,183,1,42,1,PR,1,Curitiba,2,Analgésico XYZ,1,Analgésicos,66.0,1,Busca,4,6,1
188,147,2,57,2,SP,3,São Paulo,5,Câncer ABC,3,Câncer,63.0,3,Categorias,7,19,0
189,77,1,58,2,SP,3,São Paulo,1,Analgésico ABC,1,Analgésicos,89.0,1,Busca,5,12,1
190,127,2,22,2,SP,3,São Paulo,1,Analgésico ABC,1,Analgésicos,56.0,2,Minhas Listas,4,16,0
191,48,1,36,1,PR,1,Curitiba,2,Analgésico XYZ,1,Analgésicos,81.0,2,Minhas Listas,6,23,0
192,145,2,23,1,PR,1,Curitiba,5,Câncer ABC,3,Câncer,21.0,3,Categorias,3,21,0
193,125,1,45,2,SP,3,São Paulo,5,Câncer ABC,3,Câncer,70.0,3,Categorias,3,14,0
194,148,2,43,1,PR,3,Maringá,2,Analgésico XYZ,1,Analgésicos,11.0,3,Categorias,2,8,0
195,166,2,22,1,PR,1,Curitiba,6,Câncer XYZ,3,Câncer,70.0,3,Categorias,4,8,1
196,13,2,27,2,SP,3,Osasco,5,Câncer ABC,3,Câncer,53.0,3,Categorias,7,22,0
197,83,2,39,1,PR,1,Curitiba,2,Analgésico XYZ,1,Analgésicos,44.0,2,Minhas Listas,6,11,1
198,166,2,22,2,SP,3,Osasco,2,Analgésico XYZ,1,Analgésicos,100.0,3,Categorias,7,12,0
199,55,1,48,2,SP,3,Osasco,6,Câncer XYZ,3,Câncer,73.0,1,Busca,3,8,1
200,92,2,23,1,PR,3,Maringá,5,Câncer ABC,3,Câncer,39.0,1,Busca,3,13,0
201,126,2,44,2,SP,3,São Paulo,1,Analgésico ABC,1,Analgésicos,26.0,2,Minhas Listas,5,20,0
202,162,1,20,1,PR,1,Curitiba,5,Câncer ABC,3,Câncer,17.0,1,Busca,4,12,0
203,158,1,48,1,PR,3,Maringá,5,Câncer ABC,3,Câncer,90.0,2,Minhas Listas,2,6,0
204,6,1,49,1,PR,1,Curitiba,3,Antigripal ABC,2,Antigripal,7.0,2,Minhas Listas,4,19,1
205,132,1,47,2,SP,3,Osasco,4,Antigripal XYZ,2,Antigripal,43.0,1,Busca,6,20,0
206,122,2,31,2,SP,3,São Paulo,3,Antigripal ABC,2,Antigripal,2.0,2,Minhas Listas,2,13,0
207,179,2,38,1,PR,3,Maringá,5,Câncer ABC,3,Câncer,56.0,3,Categorias,7,19,0
208,159,1,45,2,SP,3,Osasco,1,Analgésico ABC,1,Analgésicos,5.0,3,Categorias,3,23,1
209,199,2,57,1,PR,3,Maringá,3,Antigripal ABC,2,Antigripal,76.0,1,Busca,4,19,1
210,15,1,38,2,SP,3,São Paulo,3,Antigripal ABC,2,Antigripal,35.0,1,Busca,5,11,1
211,199,2,57,2,SP,3,São Paulo,5,Câncer ABC,3,Câncer,22.0,1,Busca,3,9,1
212,113,1,41,1,PR,3,Maringá,4,Antigripal XYZ,2,Antigripal,85.0,2,Minhas Listas,3,8,1
213,6,1,49,2,SP,3,Osasco,3,Antigripal ABC,2,Antigripal,31.0,1,Busca,6,17,1
214,56,2,20,2,SP,3,São Paulo,3,Antigripal ABC,2,Antigripal,18.0,2,Minhas Listas,2,10,0
215,79,2,59,2,SP,3,São Paulo,1,Analgésico ABC,1,Analgésicos,62.0,2,Minhas Listas,6,13,0
216,121,2,54,1,PR,3,Maringá,6,Câncer XYZ,3,Câncer,77.0,2,Minhas Listas,3,18,0
217,154,2,58,2,SP,3,Osasco,1,Analgésico ABC,1,Analgésicos,45.0,1,Busca,5,18,0
218,173,2,30,2,SP,3,São Paulo,1,Analgésico ABC,1,Analgésicos,45.0,2,Minhas Listas,5,12,0
219,52,1,27,2,SP,3,Osasco,3,Antigripal ABC,2,Antigripal,14.0,1,Busca,7,20,1
220,41,2,24,1,PR,3,Maringá,5,Câncer ABC,3,Câncer,13.0,2,Minhas Listas,7,8,0
221,193,1,42,2,SP,3,São Paulo,5,Câncer ABC,3,Câncer,2.0,1,Busca,2,16,0
222,154,2,58,2,SP,3,São Paulo,2,Analgésico XYZ,1,Analgésicos,71.0,1,Busca,1,24,1
223,107,2,31,2,SP,3,Osasco,1,Analgésico ABC,1,Analgésicos,11.0,3,Categorias,3,11,0
224,1,2,23,1,PR,3,Maringá,3,Antigripal ABC,2,Antigripal,43.0,1,Busca,4,6,0
225,64,2,32,2,SP,3,Osasco,3,Antigripal ABC,2,Antigripal,61.0,1,Busca,5,17,1
226,16,1,47,1,PR,1,Curitiba,5,Câncer ABC,3,Câncer,31.0,3,Categorias,1,7,0
227,13,2,27,2,SP,3,Osasco,3,Antigripal ABC,2,Antigripal,66.0,3,Categorias,7,24,0
228,124,2,60,1,PR,1,Curitiba,6,Câncer XYZ,3,Câncer,81.0,2,Minhas Listas,2,12,1
229,182,1,22,2,SP,3,São Paulo,3,Antigripal ABC,2,Antigripal,41.0,3,Categorias,7,16,1
230,121,2,54,2,SP,3,Osasco,4,Antigripal XYZ,2,Antigripal,65.0,2,Minhas Listas,6,16,1
231,29,2,57,1,PR,1,Curitiba,3,Antigripal ABC,2,Antigripal,1.0,3,Categorias,6,16,1
232,46,1,33,2,SP,3,Osasco,1,Analgésico ABC,1,Analgésicos,87.0,3,Categorias,4,10,0
233,167,1,37,1,PR,1,Curitiba,5,Câncer ABC,3,Câncer,4.0,3,Categorias,5,22,0
234,196,1,30,1,PR,1,Curitiba,3,Antigripal ABC,2,Antigripal,94.0,3,Categorias,4,12,1
235,53,2,58,2,SP,3,São Paulo,3,Antigripal ABC,2,Antigripal,55.0,2,Minhas Listas,2,17,0
236,0,1,23,2,SP,3,São Paulo,4,Antigripal XYZ,2,Antigripal,4.0,2,Minhas Listas,7,7,1
237,16,1,47,1,PR,3,Maringá,2,Analgésico XYZ,1,Analgésicos,44.0,2,Minhas Listas,2,15,0
238,54,2,47,1,PR,1,Curitiba,5,Câncer ABC,3,Câncer,73.0,1,Busca,3,7,0
239,109,1,48,2,SP,3,Osasco,2,Analgésico XYZ,1,Analgésicos,25.0,1,Busca,2,14,0
240,34,1,30,1,PR,1,Curitiba,3,Antigripal ABC,2,Antigripal,28.0,3,Categorias,7,22,0
241,67,1,52,2,SP,3,Osasco,2,Analgésico XYZ,1,Analgésicos,93.0,2,Minhas Listas,7,13,1
242,177,1,45,1,PR,3,Maringá,4,Antigripal XYZ,2,Antigripal,71.0,1,Busca,1,18,1
243,176,2,60,1,PR,3,Maringá,5,Câncer ABC,3,Câncer,93.0,2,Minhas Listas,5,17,1
244,148,2,43,2,SP,3,Osasco,2,Analgésico XYZ,1,Analgésicos,95.0,2,Minhas Listas,5,16,1
245,157,1,40,1,PR,3,Maringá,4,Antigripal XYZ,2,Antigripal,84.0,2,Minhas Listas,7,11,0
246,167,1,37,1,PR,1,Curitiba,2,Analgésico XYZ,1,Analgésicos,38.0,3,Categorias,2,8,1
247,127,2,22,2,SP,3,Osasco,2,Analgésico XYZ,1,Analgésicos,15.0,1,Busca,4,18,1
248,41,2,24,2,SP,3,Osasco,4,Antigripal XYZ,2,Antigripal,62.0,1,Busca,7,23,1
249,169,1,26,1,PR,1,Curitiba,4,Antigripal XYZ,2,Antigripal,3.0,3,Categorias,6,14,0
250,68,2,48,2,SP,3,Osasco,3,Antigripal ABC,2,Antigripal,16.0,2,Minhas Listas,7,24,1
251,166,2,22,2,SP,3,São Paulo,5,Câncer ABC,3,Câncer,80.0,2,Minhas Listas,4,8,1
252,190,2,49,1,PR,1,Curitiba,4,Antigripal XYZ,2,Antigripal,35.0,3,Categorias,6,16,1
253,145,2,23,1,PR,3,Maringá,1,Analgésico ABC,1,Analgésicos,58.0,2,Minhas Listas,2,22,1
254,38,1,40,2,SP,3,São Paulo,1,Analgésico ABC,1,Analgésicos,45.0,3,Categorias,3,22,1
255,97,2,33,1,PR,3,Maringá,5,Câncer ABC,3,Câncer,23.0,2,Minhas Listas,4,19,0
256,47,1,38,1,PR,3,Maringá,5,Câncer ABC,3,Câncer,86.0,3,Categorias,4,10,0
257,187,2,25,2,SP,3,Osasco,4,Antigripal XYZ,2,Antigripal,98.0,2,Minhas Listas,2,18,0
258,176,2,60,1,PR,1,Curitiba,5,Câncer ABC,3,Câncer,4.0,3,Categorias,3,18,1
259,61,1,26,2,SP,3,São Paulo,5,Câncer ABC,3,Câncer,60.0,3,Categorias,7,22,1
260,199,2,57,2,SP,3,São Paulo,2,Analgésico XYZ,1,Analgésicos,45.0,2,Minhas Listas,1,14,0
261,189,1,56,2,SP,3,São Paulo,6,Câncer XYZ,3,Câncer,23.0,2,Minhas Listas,7,15,1
262,85,2,56,1,PR,3,Maringá,6,Câncer XYZ,3,Câncer,21.0,3,Categorias,7,14,0
263,85,2,56,2,SP,3,São Paulo,3,Antigripal ABC,2,Antigripal,58.0,2,Minhas Listas,7,23,1
264,136,2,24,2,SP,3,Osasco,5,Câncer ABC,3,Câncer,59.0,1,Busca,5,9,0
265,65,2,52,2,SP,3,Osasco,5,Câncer ABC,3,Câncer,37.0,1,Busca,1,19,1
266,194,1,29,2,SP,3,São Paulo,1,Analgésico ABC,1,Analgésicos,27.0,2,Minhas Listas,7,9,1
267,47,1,38,2,SP,3,São Paulo,3,Antigripal ABC,2,Antigripal,60.0,2,Minhas Listas,2,13,1
268,75,1,52,2,SP,3,Osasco,2,Analgésico XYZ,1,Analgésicos,7.0,2,Minhas Listas,1,8,0
269,67,1,52,2,SP,3,Osasco,1,Analgésico ABC,1,Analgésicos,89.0,1,Busca,1,16,1
270,144,2,39,1,PR,3,Maringá,6,Câncer XYZ,3,Câncer,65.0,3,Categorias,3,20,0
271,199,2,57,2,SP,3,Osasco,2,Analgésico XYZ,1,Analgésicos,8.0,1,Busca,6,18,1
272,94,1,34,2,SP,3,São Paulo,3,Antigripal ABC,2,Antigripal,43.0,2,Minhas Listas,2,12,1
273,29,2,57,1,PR,3,Maringá,6,Câncer XYZ,3,Câncer,57.0,1,Busca,6,17,1
274,78,2,48,2,SP,3,Osasco,4,Antigripal XYZ,2,Antigripal,57.0,3,Categorias,5,14,1
275,191,1,28,1,PR,3,Maringá,1,Analgésico ABC,1,Analgésicos,78.0,2,Minhas Listas,2,23,0
276,12,1,34,1,PR,1,Curitiba,5,Câncer ABC,3,Câncer,25.0,1,Busca,3,14,1
277,29,2,57,2,SP,3,Osasco,6,Câncer XYZ,3,Câncer,64.0,1,Busca,6,18,0
278,23,1,40,1,PR,1,Curitiba,6,Câncer XYZ,3,Câncer,92.0,1,Busca,2,24,0
279,117,2,22,2,SP,3,Osasco,3,Antigripal ABC,2,Antigripal,81.0,3,Categorias,1,18,0
280,22,2,47,2,SP,3,São Paulo,4,Antigripal XYZ,2,Antigripal,7.0,3,Categorias,4,18,0
281,28,2,21,2,SP,3,São Paulo,4,Antigripal XYZ,2,Antigripal,60.0,3,Categorias,1,21,1
282,134,1,48,2,SP,3,São Paulo,3,Antigripal ABC,2,Antigripal,64.0,3,Categorias,2,10,0
283,150,2,43,1,PR,1,Curitiba,4,Antigripal XYZ,2,Antigripal,98.0,3,Categorias,7,21,1
284,30,1,32,1,PR,1,Curitiba,5,Câncer ABC,3,Câncer,34.0,1,Busca,3,13,0
285,65,2,52,2,SP,3,Osasco,1,Analgésico ABC,1,Analgésicos,17.0,2,Minhas Listas,4,22,1
286,65,2,52,2,SP,3,Osasco,6,Câncer XYZ,3,Câncer,37.0,2,Minhas Listas,3,10,0
287,152,2,50,2,SP,3,São Paulo,6,Câncer XYZ,3,Câncer,83.0,1,Busca,2,6,1
288,80,2,51,1,PR,1,Curitiba,1,Analgésico ABC,1,Analgésicos,5.0,3,Categorias,4,11,0
289,31,2,42,2,SP,3,Osasco,4,Antigripal XYZ,2,Antigripal,82.0,2,Minhas Listas,5,17,1
290,37,1,60,1,PR,3,Maringá,5,Câncer ABC,3,Câncer,30.0,3,Categorias,1,23,0
291,9,2,28,2,SP,3,São Paulo,1,Analgésico ABC,1,Analgésicos,63.0,3,Categorias,4,7,0
292,95,1,22,1,PR,3,Maringá,6,Câncer XYZ,3,Câncer,47.0,2,Minhas Listas,5,19,0
293,16,1,47,2,SP,3,São Paulo,4,Antigripal XYZ,2,Antigripal,61.0,1,Busca,5,23,1
294,89,1,36,2,SP,3,São Paulo,4,Antigripal XYZ,2,Antigripal,53.0,3,Categorias,7,10,0
295,40,2,37,1,PR,1,Curitiba,5,Câncer ABC,3,Câncer,86.0,1,Busca,4,6,1
296,159,1,45,1,PR,3,Maringá,1,Analgésico ABC,1,Analgésicos,35.0,2,Minhas Listas,6,13,0
297,108,1,59,1,PR,3,Maringá,5,Câncer ABC,3,Câncer,88.0,2,Minhas Listas,3,6,1
298,62,2,60,1,PR,3,Maringá,6,Câncer XYZ,3,Câncer,71.0,3,Categorias,1,21,1
299,193,1,42,2,SP,3,Osasco,4,Antigripal XYZ,2,Antigripal,98.0,1,Busca,6,22,1
300,42,1,47,2,SP,3,São Paulo,4,Antigripal XYZ,2,Antigripal,52.0,2,Minhas Listas,5,20,1
301,48,1,36,1,PR,3,Maringá,6,Câncer XYZ,3,Câncer,55.0,1,Busca,6,20,0
302,68,2,48,1,PR,1,Curitiba,3,Antigripal ABC,2,Antigripal,46.0,1,Busca,5,12,0
303,31,2,42,2,SP,3,São Paulo,3,Antigripal ABC,2,Antigripal,96.0,2,Minhas Listas,4,17,0
304,129,1,38,2,SP,3,Osasco,2,Analgésico XYZ,1,Analgésicos,64.0,3,Categorias,1,6,1
305,173,2,30,2,SP,3,São Paulo,6,Câncer XYZ,3,Câncer,31.0,1,Busca,5,18,0
306,23,1,40,2,SP,3,Osasco,5,Câncer ABC,3,Câncer,98.0,1,Busca,4,6,0
307,131,2,51,1,PR,3,Maringá,1,Analgésico ABC,1,Analgésicos,82.0,3,Categorias,2,13,0
308,159,1,45,1,PR,3,Maringá,3,Antigripal ABC,2,Antigripal,2.0,2,Minhas Listas,1,6,0
309,80,2,51,2,SP,3,Osasco,5,Câncer ABC,3,Câncer,74.0,1,Busca,4,15,1
310,195,2,22,1,PR,1,Curitiba,1,Analgésico ABC,1,Analgésicos,52.0,1,Busca,3,6,0
311,50,1,21,1,PR,3,Maringá,5,Câncer ABC,3,Câncer,5.0,1,Busca,4,16,0
312,39,2,47,1,PR,1,Curitiba,5,Câncer ABC,3,Câncer,22.0,3,Categorias,6,24,0
313,137,2,55,2,SP,3,Osasco,3,Antigripal ABC,2,Antigripal,47.0,2,Minhas Listas,2,9,1
314,21,1,52,2,SP,3,Osasco,6,Câncer XYZ,3,Câncer,56.0,3,Categorias,6,10,0
315,88,2,55,1,PR,3,Maringá,6,Câncer XYZ,3,Câncer,7.0,3,Categorias,3,9,1
316,163,1,31,2,SP,3,São Paulo,3,Antigripal ABC,2,Antigripal,14.0,1,Busca,1,24,1
317,57,1,51,2,SP,3,São Paulo,5,Câncer ABC,3,Câncer,93.0,2,Minhas Listas,5,15,1
318,98,1,42,1,PR,3,Maringá,3,Antigripal ABC,2,Antigripal,35.0,1,Busca,6,11,1
319,78,2,48,2,SP,3,São Paulo,5,Câncer ABC,3,Câncer,9.0,1,Busca,3,17,1
320,181,2,55,1,PR,1,Curitiba,5,Câncer ABC,3,Câncer,69.0,1,Busca,6,16,0
321,39,2,47,1,PR,1,Curitiba,2,Analgésico XYZ,1,Analgésicos,33.0,1,Busca,6,24,0
322,11,1,51,1,PR,3,Maringá,4,Antigripal XYZ,2,Antigripal,59.0,1,Busca,5,10,0
323,65,2,52,2,SP,3,São Paulo,3,Antigripal ABC,2,Antigripal,85.0,3,Categorias,4,16,1
324,171,2,25,1,PR,3,Maringá,3,Antigripal ABC,2,Antigripal,2.0,2,Minhas Listas,1,18,0
325,51,2,33,2,SP,3,Osasco,2,Analgésico XYZ,1,Analgésicos,82.0,3,Categorias,1,8,0
326,169,1,26,1,PR,1,Curitiba,1,Analgésico ABC,1,Analgésicos,89.0,3,Categorias,5,20,0
327,81,1,35,2,SP,3,São Paulo,2,Analgésico XYZ,1,Analgésicos,9.0,1,Busca,6,7,1
328,50,1,21,1,PR,1,Curitiba,4,Antigripal XYZ,2,Antigripal,2.0,2,Minhas Listas,7,17,0
329,1,2,23,1,PR,1,Curitiba,3,Antigripal ABC,2,Antigripal,93.0,2,Minhas Listas,2,9,1
330,97,2,33,1,PR,1,Curitiba,3,Antigripal ABC,2,Antigripal,56.0,3,Categorias,5,6,0
331,6,1,49,2,SP,3,São Paulo,4,Antigripal XYZ,2,Antigripal,78.0,2,Minhas Listas,3,23,1
332,49,2,36,1,PR,3,Maringá,3,Antigripal ABC,2,Antigripal,28.0,3,Categorias,6,13,0
333,65,2,52,1,PR,3,Maringá,5,Câncer ABC,3,Câncer,41.0,1,Busca,1,12,0
334,139,1,26,2,SP,3,São Paulo,2,Analgésico XYZ,1,Analgésicos,76.0,2,Minhas Listas,3,10,0
335,130,2,39,1,PR,1,Curitiba,5,Câncer ABC,3,Câncer,30.0,1,Busca,7,10,1
336,107,2,31,2,SP,3,Osasco,4,Antigripal XYZ,2,Antigripal,53.0,3,Categorias,3,8,1
337,49,2,36,2,SP,3,São Paulo,2,Analgésico XYZ,1,Analgésicos,44.0,3,Categorias,3,10,0
338,8,1,60,1,PR,3,Maringá,3,Antigripal ABC,2,Antigripal,20.0,2,Minhas Listas,7,17,0
339,132,1,47,2,SP,3,Osasco,4,Antigripal XYZ,2,Antigripal,30.0,1,Busca,5,11,0
340,108,1,59,2,SP,3,Osasco,6,Câncer XYZ,3,Câncer,35.0,1,Busca,6,22,0
341,121,2,54,2,SP,3,São Paulo,2,Analgésico XYZ,1,Analgésicos,25.0,2,Minhas Listas,1,24,1
342,79,2,59,1,PR,1,Curitiba,3,Antigripal ABC,2,Antigripal,6.0,1,Busca,7,24,0
343,178,1,28,1,PR,3,Maringá,2,Analgésico XYZ,1,Analgésicos,36.0,3,Categorias,6,15,0
344,66,2,28,2,SP,3,Osasco,6,Câncer XYZ,3,Câncer,88.0,2,Minhas Listas,7,8,0
345,45,2,48,2,SP,3,São Paulo,4,Antigripal XYZ,2,Antigripal,26.0,2,Minhas Listas,2,23,0
346,14,2,29,1,PR,1,Curitiba,1,Analgésico ABC,1,Analgésicos,51.0,2,Minhas Listas,7,10,0
347,37,1,60,1,PR,1,Curitiba,3,Antigripal ABC,2,Antigripal,82.0,3,Categorias,4,16,0
348,12,1,34,2,SP,3,São Paulo,1,Analgésico ABC,1,Analgésicos,99.0,3,Categorias,4,11,0
349,152,2,50,2,SP,3,Osasco,5,Câncer ABC,3,Câncer,17.0,3,Categorias,4,8,0
350,134,1,48,2,SP,3,Osasco,5,Câncer ABC,3,Câncer,89.0,1,Busca,4,14,1
351,66,2,28,1,PR,3,Maringá,4,Antigripal XYZ,2,Antigripal,55.0,3,Categorias,4,24,1
352,156,2,34,1,PR,1,Curitiba,1,Analgésico ABC,1,Analgésicos,93.0,1,Busca,3,18,0
353,93,1,52,2,SP,3,Osasco,6,Câncer XYZ,3,Câncer,43.0,1,Busca,4,22,0
354,175,1,34,1,PR,3,Maringá,1,Analgésico ABC,1,Analgésicos,28.0,2,Minhas Listas,3,6,1
355,169,1,26,2,SP,3,São Paulo,5,Câncer ABC,3,Câncer,85.0,1,Busca,3,14,0
356,106,1,43,2,SP,3,São Paulo,3,Antigripal ABC,2,Antigripal,69.0,2,Minhas Listas,2,15,0
357,161,2,30,1,PR,1,Curitiba,4,Antigripal XYZ,2,Antigripal,18.0,3,Categorias,5,16,0
358,23,1,40,1,PR,1,Curitiba,1,Analgésico ABC,1,Analgésicos,92.0,3,Categorias,3,7,1
359,186,2,43,2,SP,3,Osasco,2,Analgésico XYZ,1,Analgésicos,84.0,3,Categorias,3,22,0
360,149,2,52,2,SP,3,São Paulo,1,Analgésico ABC,1,Analgésicos,31.0,2,Minhas Listas,3,19,0
361,68,2,48,1,PR,3,Maringá,2,Analgésico XYZ,1,Analgésicos,46.0,2,Minhas Listas,7,6,1
362,137,2,55,1,PR,3,Maringá,1,Analgésico ABC,1,Analgésicos,75.0,3,Categorias,3,12,1
363,77,1,58,1,PR,1,Curitiba,3,Antigripal ABC,2,Antigripal,21.0,3,Categorias,7,24,1
364,60,1,25,2,SP,3,Osasco,5,Câncer ABC,3,Câncer,30.0,3,Categorias,2,16,1
365,190,2,49,1,PR,3,Maringá,4,Antigripal XYZ,2,Antigripal,92.0,3,Categorias,2,6,1
366,118,2,20,1,PR,3,Maringá,5,Câncer ABC,3,Câncer,74.0,2,Minhas Listas,7,13,0
367,161,2,30,1,PR,1,Curitiba,2,Analgésico XYZ,1,Analgésicos,78.0,3,Categorias,6,13,1
368,142,2,54,1,PR,1,Curitiba,5,Câncer ABC,3,Câncer,66.0,2,Minhas Listas,3,8,0
369,15,1,38,2,SP,3,São Paulo,5,Câncer ABC,3,Câncer,7.0,1,Busca,2,17,0
370,195,2,22,1,PR,3,Maringá,4,Antigripal XYZ,2,Antigripal,50.0,1,Busca,1,17,1
371,99,1,56,1,PR,1,Curitiba,5,Câncer ABC,3,Câncer,22.0,3,Categorias,6,24,0
372,59,2,36,1,PR,3,Maringá,1,Analgésico ABC,1,Analgésicos,86.0,1,Busca,5,12,0
373,122,2,31,2,SP,3,Osasco,5,Câncer ABC,3,Câncer,66.0,1,Busca,6,10,0
374,105,1,58,1,PR,3,Maringá,4,Antigripal XYZ,2,Antigripal,46.0,2,Minhas Listas,2,22,1
375,60,1,25,1,PR,3,Maringá,5,Câncer ABC,3,Câncer,54.0,2,Minhas Listas,6,21,0
376,46,1,33,1,PR,1,Curitiba,5,Câncer ABC,3,Câncer,27.0,2,Minhas Listas,7,19,0
377,143,2,45,2,SP,3,Osasco,1,Analgésico ABC,1,Analgésicos,82.0,3,Categorias,5,21,1
378,39,2,47,2,SP,3,São Paulo,2,Analgésico XYZ,1,Analgésicos,12.0,3,Categorias,5,15,0
379,138,1,57,2,SP,3,São Paulo,4,Antigripal XYZ,2,Antigripal,21.0,3,Categorias,2,8,1
380,65,2,52,2,SP,3,Osasco,3,Antigripal ABC,2,Antigripal,12.0,2,Minhas Listas,7,11,1
381,34,1,30,2,SP,3,São Paulo,6,Câncer XYZ,3,Câncer,21.0,1,Busca,7,18,0
382,72,2,39,2,SP,3,São Paulo,2,Analgésico XYZ,1,Analgésicos,90.0,3,Categorias,1,12,0
383,162,1,20,1,PR,3,Maringá,1,Analgésico ABC,1,Analgésicos,14.0,2,Minhas Listas,7,15,0
384,132,1,47,1,PR,1,Curitiba,5,Câncer ABC,3,Câncer,58.0,1,Busca,7,11,1
385,190,2,49,2,SP,3,Osasco,3,Antigripal ABC,2,Antigripal,16.0,3,Categorias,3,15,0
386,73,2,29,1,PR,1,Curitiba,6,Câncer XYZ,3,Câncer,74.0,3,Categorias,1,24,1
387,48,1,36,1,PR,3,Maringá,3,Antigripal ABC,2,Antigripal,47.0,1,Busca,7,9,0
388,3,2,40,2,SP,3,São Paulo,6,Câncer XYZ,3,Câncer,2.0,2,Minhas Listas,5,20,1
389,44,1,26,1,PR,3,Maringá,5,Câncer ABC,3,Câncer,40.0,1,Busca,3,22,0
390,17,1,46,2,SP,3,São Paulo,2,Analgésico XYZ,1,Analgésicos,56.0,1,Busca,3,10,0
391,10,2,25,2,SP,3,São Paulo,2,Analgésico XYZ,1,Analgésicos,49.0,2,Minhas Listas,2,22,1
392,54,2,47,2,SP,3,São Paulo,6,Câncer XYZ,3,Câncer,47.0,1,Busca,1,18,0
393,195,2,22,2,SP,3,São Paulo,2,Analgésico XYZ,1,Analgésicos,23.0,3,Categorias,3,8,1
394,75,1,52,2,SP,3,Osasco,5,Câncer ABC,3,Câncer,15.0,3,Categorias,4,23,0
395,187,2,25,2,SP,3,São Paulo,6,Câncer XYZ,3,Câncer,55.0,2,Minhas Listas,3,24,1
396,114,2,49,1,PR,1,Curitiba,4,Antigripal XYZ,2,Antigripal,42.0,2,Minhas Listas,5,12,1
397,48,1,36,1,PR,3,Maringá,6,Câncer XYZ,3,Câncer,50.0,3,Categorias,4,9,0
398,52,1,27,1,PR,3,Maringá,4,Antigripal XYZ,2,Antigripal,20.0,1,Busca,2,7,0
399,3,2,40,1,PR,1,Curitiba,2,Analgésico XYZ,1,Analgésicos,70.0,3,Categorias,2,18,1
400,51,2,33,2,SP,3,São Paulo,4,Antigripal XYZ,2,Antigripal,68.0,3,Categorias,4,6,1
401,92,2,23,1,PR,3,Maringá,2,Analgésico XYZ,1,Analgésicos,89.0,2,Minhas Listas,4,6,0
402,46,1,33,1,PR,3,Maringá,4,Antigripal XYZ,2,Antigripal,29.0,1,Busca,2,10,0
403,157,1,40,2,SP,3,São Paulo,3,Antigripal ABC,2,Antigripal,7.0,2,Minhas Listas,6,14,1
404,71,2,42,1,PR,1,Curitiba,3,Antigripal ABC,2,Antigripal,58.0,3,Categorias,6,22,1
405,104,2,53,1,PR,3,Maringá,5,Câncer ABC,3,Câncer,69.0,1,Busca,4,15,1
406,167,1,37,1,PR,1,Curitiba,6,Câncer XYZ,3,Câncer,82.0,1,Busca,4,7,1
407,128,1,21,2,SP,3,Osasco,6,Câncer XYZ,3,Câncer,88.0,3,Categorias,6,23,0
408,61,1,26,1,PR,1,Curitiba,5,Câncer ABC,3,Câncer,1.0,2,Minhas Listas,5,8,1
409,187,2,25,1,PR,3,Maringá,5,Câncer ABC,3,Câncer,17.0,3,Categorias,3,10,1
410,0,1,23,1,PR,1,Curitiba,2,Analgésico XYZ,1,Analgésicos,68.0,1,Busca,3,11,0
411,80,2,51,1,PR,1,Curitiba,1,Analgésico ABC,1,Analgésicos,57.0,1,Busca,6,9,0
412,40,2,37,2,SP,3,São Paulo,4,Antigripal XYZ,2,Antigripal,58.0,1,Busca,6,24,0
413,104,2,53,2,SP,3,Osasco,1,Analgésico ABC,1,Analgésicos,68.0,1,Busca,2,18,1
414,143,2,45,1,PR,1,Curitiba,4,Antigripal XYZ,2,Antigripal,98.0,2,Minhas Listas,7,10,0
415,71,2,42,2,SP,3,São Paulo,5,Câncer ABC,3,Câncer,54.0,1,Busca,3,11,0
416,181,2,55,2,SP,3,Osasco,6,Câncer XYZ,3,Câncer,45.0,1,Busca,3,7,1
417,11,1,51,1,PR,1,Curitiba,4,Antigripal XYZ,2,Antigripal,39.0,2,Minhas Listas,1,11,0
418,108,1,59,2,SP,3,São Paulo,2,Analgésico XYZ,1,Analgésicos,50.0,2,Minhas Listas,2,12,1
419,140,1,44,2,SP,3,Osasco,6,Câncer XYZ,3,Câncer,85.0,2,Minhas Listas,6,21,1
420,94,1,34,2,SP,3,Osasco,4,Antigripal XYZ,2,Antigripal,90.0,3,Categorias,1,7,1
421,119,2,53,1,PR,1,Curitiba,2,Analgésico XYZ,1,Analgésicos,46.0,1,Busca,6,16,0
422,195,2,22,2,SP,3,São Paulo,4,Antigripal XYZ,2,Antigripal,34.0,2,Minhas Listas,1,22,1
423,3,2,40,1,PR,1,Curitiba,2,Analgésico XYZ,1,Analgésicos,20.0,3,Categorias,3,14,0
424,77,1,58,1,PR,3,Maringá,3,Antigripal ABC,2,Antigripal,21.0,1,Busca,6,9,1
425,38,1,40,2,SP,3,Osasco,5,Câncer ABC,3,Câncer,38.0,3,Categorias,2,10,1
426,186,2,43,2,SP,3,Osasco,3,Antigripal ABC,2,Antigripal,76.0,1,Busca,7,11,0
427,75,1,52,2,SP,3,Osasco,2,Analgésico XYZ,1,Analgésicos,10.0,1,Busca,5,6,1
428,110,1,54,1,PR,1,Curitiba,3,Antigripal ABC,2,Antigripal,60.0,1,Busca,3,6,1
429,175,1,34,2,SP,3,Osasco,2,Analgésico XYZ,1,Analgésicos,37.0,3,Categorias,7,10,0
430,153,1,39,1,PR,1,Curitiba,4,Antigripal XYZ,2,Antigripal,85.0,2,Minhas Listas,4,19,1
431,31,2,42,2,SP,3,São Paulo,2,Analgésico XYZ,1,Analgésicos,73.0,3,Categorias,5,21,1
432,136,2,24,2,SP,3,Osasco,6,Câncer XYZ,3,Câncer,3.0,2,Minhas Listas,1,13,0
433,159,1,45,2,SP,3,Osasco,4,Antigripal XYZ,2,Antigripal,53.0,3,Categorias,1,24,0
434,134,1,48,1,PR,1,Curitiba,1,Analgésico ABC,1,Analgésicos,76.0,1,Busca,4,19,1
435,120,1,53,1,PR,3,Maringá,2,Analgésico XYZ,1,Analgésicos,50.0,3,Categorias,6,20,0
436,49,2,36,1,PR,1,Curitiba,1,Analgésico ABC,1,Analgésicos,22.0,1,Busca,3,20,1
437,164,1,34,1,PR,3,Maringá,2,Analgésico XYZ,1,Analgésicos,62.0,3,Categorias,7,16,0
438,32,1,21,1,PR,1,Curitiba,2,Analgésico XYZ,1,Analgésicos,58.0,2,Minhas Listas,5,12,0
439,180,2,39,1,PR,1,Curitiba,4,Antigripal XYZ,2,Antigripal,8.0,2,Minhas Listas,2,19,1
440,163,1,31,2,SP,3,Osasco,1,Analgésico ABC,1,Analgésicos,5.0,1,Busca,4,14,1
441,37,1,60,2,SP,3,São Paulo,3,Antigripal ABC,2,Antigripal,12.0,2,Minhas Listas,6,23,1
442,122,2,31,1,PR,3,Maringá,6,Câncer XYZ,3,Câncer,66.0,2,Minhas Listas,7,15,1
443,23,1,40,2,SP,3,Osasco,6,Câncer XYZ,3,Câncer,50.0,3,Categorias,3,7,1
444,132,1,47,1,PR,1,Curitiba,6,Câncer XYZ,3,Câncer,86.0,2,Minhas Listas,6,21,0
445,26,2,29,1,PR,3,Maringá,6,Câncer XYZ,3,Câncer,55.0,2,Minhas Listas,7,18,0
446,28,2,21,2,SP,3,São Paulo,2,Analgésico XYZ,1,Analgésicos,58.0,3,Categorias,5,16,1
447,137,2,55,2,SP,3,Osasco,6,Câncer XYZ,3,Câncer,37.0,1,Busca,4,6,1
448,110,1,54,1,PR,3,Maringá,4,Antigripal XYZ,2,Antigripal,58.0,3,Categorias,5,15,1
449,99,1,56,2,SP,3,São Paulo,5,Câncer ABC,3,Câncer,97.0,1,Busca,3,17,1
450,62,2,60,2,SP,3,São Paulo,1,Analgésico ABC,1,Analgésicos,44.0,1,Busca,4,18,1
451,64,2,32,2,SP,3,Osasco,2,Analgésico XYZ,1,Analgésicos,98.0,3,Categorias,5,17,1
452,74,2,42,2,SP,3,São Paulo,3,Antigripal ABC,2,Antigripal,36.0,1,Busca,7,19,0
453,81,1,35,1,PR,1,Curitiba,6,Câncer XYZ,3,Câncer,93.0,3,Categorias,5,9,0
454,193,1,42,1,PR,1,Curitiba,6,Câncer XYZ,3,Câncer,31.0,1,Busca,2,17,0
455,46,1,33,2,SP,3,Osasco,1,Analgésico ABC,1,Analgésicos,100.0,2,Minhas Listas,5,23,1
456,24,2,55,2,SP,3,São Paulo,6,Câncer XYZ,3,Câncer,7.0,2,Minhas Listas,5,6,1
457,45,2,48,2,SP,3,São Paulo,4,Antigripal XYZ,2,Antigripal,47.0,3,Categorias,6,14,0
458,187,2,25,2,SP,3,São Paulo,2,Analgésico XYZ,1,Analgésicos,1.0,1,Busca,3,6,0
459,52,1,27,1,PR,3,Maringá,3,Antigripal ABC,2,Antigripal,72.0,1,Busca,4,22,0
460,20,2,43,1,PR,1,Curitiba,5,Câncer ABC,3,Câncer,44.0,1,Busca,3,12,0
461,100,1,40,2,SP,3,São Paulo,1,Analgésico ABC,1,Analgésicos,32.0,1,Busca,1,22,1
462,48,1,36,2,SP,3,Osasco,5,Câncer ABC,3,Câncer,72.0,3,Categorias,6,17,1
463,72,2,39,2,SP,3,Osasco,4,Antigripal XYZ,2,Antigripal,98.0,2,Minhas Listas,7,9,1
464,144,2,39,2,SP,3,Osasco,5,Câncer ABC,3,Câncer,76.0,3,Categorias,5,9,1
465,150,2,43,1,PR,3,Maringá,5,Câncer ABC,3,Câncer,29.0,1,Busca,5,14,0
466,94,1,34,2,SP,3,São Paulo,2,Analgésico XYZ,1,Analgésicos,20.0,2,Minhas Listas,2,17,1
467,94,1,34,2,SP,3,São Paulo,4,Antigripal XYZ,2,Antigripal,71.0,1,Busca,6,14,0
468,126,2,44,1,PR,3,Maringá,2,Analgésico XYZ,1,Analgésicos,51.0,1,Busca,1,8,0
469,102,2,51,1,PR,3,Maringá,2,Analgésico XYZ,1,Analgésicos,38.0,3,Categorias,2,12,1
470,103,1,47,2,SP,3,Osasco,6,Câncer XYZ,3,Câncer,70.0,2,Minhas Listas,3,12,0
471,54,2,47,2,SP,3,São Paulo,6,Câncer XYZ,3,Câncer,8.0,2,Minhas Listas,5,13,0
472,77,1,58,2,SP,3,São Paulo,4,Antigripal XYZ,2,Antigripal,47.0,3,Categorias,2,10,0
473,63,2,48,2,SP,3,Osasco,6,Câncer XYZ,3,Câncer,68.0,2,Minhas Listas,6,9,1
474,102,2,51,2,SP,3,Osasco,3,Antigripal ABC,2,Antigripal,65.0,3,Categorias,7,22,0
475,79,2,59,1,PR,1,Curitiba,1,Analgésico ABC,1,Analgésicos,44.0,3,Categorias,6,7,0
476,117,2,22,1,PR,1,Curitiba,2,Analgésico XYZ,1,Analgésicos,6.0,2,Minhas Listas,5,6,0
477,73,2,29,1,PR,3,Maringá,1,Analgésico ABC,1,Analgésicos,40.0,2,Minhas Listas,5,20,0
478,42,1,47,2,SP,3,São Paulo,1,Analgésico ABC,1,Analgésicos,55.0,1,Busca,6,7,1
479,143,2,45,2,SP,3,Osasco,2,Analgésico XYZ,1,Analgésicos,41.0,1,Busca,1,17,0
480,162,1,20,2,SP,3,Osasco,3,Antigripal ABC,2,Antigripal,6.0,1,Busca,6,7,1
481,69,1,39,2,SP,3,São Paulo,6,Câncer XYZ,3,Câncer,29.0,1,Busca,4,13,1
482,140,1,44,1,PR,1,Curitiba,1,Analgésico ABC,1,Analgésicos,28.0,2,Minhas Listas,3,18,1
483,174,2,48,2,SP,3,Osasco,5,Câncer ABC,3,Câncer,74.0,3,Categorias,1,24,1
484,66,2,28,1,PR,1,Curitiba,3,Antigripal ABC,2,Antigripal,40.0,1,Busca,7,20,0
485,112,2,54,1,PR,3,Maringá,6,Câncer XYZ,3,Câncer,17.0,2,Minhas Listas,5,24,1
486,165,1,21,1,PR,3,Maringá,3,Antigripal ABC,2,Antigripal,42.0,2,Minhas Listas,2,24,0
487,102,2,51,1,PR,3,Maringá,3,Antigripal ABC,2,Antigripal,11.0,1,Busca,5,10,0
488,19,1,27,1,PR,1,Curitiba,3,Antigripal ABC,2,Antigripal,90.0,3,Categorias,6,15,1
489,125,1,45,1,PR,1,Curitiba,2,Analgésico XYZ,1,Analgésicos,62.0,3,Categorias,7,14,1
490,18,2,44,2,SP,3,São Paulo,2,Analgésico XYZ,1,Analgésicos,11.0,2,Minhas Listas,5,16,0
491,17,1,46,1,PR,1,Curitiba,5,Câncer ABC,3,Câncer,41.0,2,Minhas Listas,6,10,1
492,71,2,42,1,PR,1,Curitiba,6,Câncer XYZ,3,Câncer,93.0,3,Categorias,7,15,0
493,175,1,34,1,PR,1,Curitiba,5,Câncer ABC,3,Câncer,10.0,2,Minhas Listas,7,14,1
494,88,2,55,2,SP,3,São Paulo,1,Analgésico ABC,1,Analgésicos,74.0,1,Busca,7,18,1
495,144,2,39,1,PR,3,Maringá,5,Câncer ABC,3,Câncer,47.0,2,Minhas Listas,4,7,0
496,128,1,21,2,SP,3,São Paulo,5,Câncer ABC,3,Câncer,31.0,3,Categorias,7,10,0
497,2,2,34,1,PR,1,Curitiba,3,Antigripal ABC,2,Antigripal,76.0,3,Categorias,3,17,0
498,107,2,31,1,PR,3,Maringá,6,Câncer XYZ,3,Câncer,67.0,2,Minhas Listas,4,14,1
499,21,1,52,2,SP,3,Osasco,4,Antigripal XYZ,2,Antigripal,3.0,2,Minhas Listas,6,10,1
500,176,2,60,1,PR,1,Curitiba,5,Câncer ABC,3,Câncer,96.0,3,Categorias,3,7,0
501,118,2,20,1,PR,1,Curitiba,1,Analgésico ABC,1,Analgésicos,21.0,2,Minhas Listas,6,15,0
502,0,1,23,1,PR,3,Maringá,2,Analgésico XYZ,1,Analgésicos,36.0,1,Busca,7,8,1
503,155,2,41,2,SP,3,Osasco,4,Antigripal XYZ,2,Antigripal,59.0,2,Minhas Listas,1,14,0
504,84,1,56,1,PR,1,Curitiba,4,Antigripal XYZ,2,Antigripal,53.0,1,Busca,3,9,1
505,154,2,58,2,SP,3,Osasco,3,Antigripal ABC,2,Antigripal,95.0,3,Categorias,6,22,0
506,53,2,58,2,SP,3,São Paulo,1,Analgésico ABC,1,Analgésicos,82.0,3,Categorias,4,19,1
507,142,2,54,1,PR,3,Maringá,6,Câncer XYZ,3,Câncer,9.0,3,Categorias,4,14,0
508,1,2,23,1,PR,1,Curitiba,5,Câncer ABC,3,Câncer,30.0,1,Busca,4,17,1
509,154,2,58,1,PR,1,Curitiba,6,Câncer XYZ,3,Câncer,1.0,3,Categorias,6,11,0
510,194,1,29,2,SP,3,Osasco,2,Analgésico XYZ,1,Analgésicos,60.0,1,Busca,6,16,1
511,73,2,29,1,PR,3,Maringá,3,Antigripal ABC,2,Antigripal,96.0,3,Categorias,1,6,0
512,41,2,24,2,SP,3,Osasco,5,Câncer ABC,3,Câncer,25.0,2,Minhas Listas,4,24,1
513,128,1,21,2,SP,3,São Paulo,3,Antigripal ABC,2,Antigripal,79.0,2,Minhas Listas,7,6,1
514,102,2,51,2,SP,3,São Paulo,1,Analgésico ABC,1,Analgésicos,96.0,3,Categorias,7,18,1
515,108,1,59,1,PR,3,Maringá,4,Antigripal XYZ,2,Antigripal,45.0,3,Categorias,1,14,1
516,1,2,23,2,SP,3,São Paulo,5,Câncer ABC,3,Câncer,54.0,1,Busca,4,15,0
517,65,2,52,2,SP,3,São Paulo,4,Antigripal XYZ,2,Antigripal,92.0,2,Minhas Listas,3,8,0
518,189,1,56,1,PR,1,Curitiba,6,Câncer XYZ,3,Câncer,31.0,2,Minhas Listas,2,11,0
519,28,2,21,1,PR,3,Maringá,6,Câncer XYZ,3,Câncer,34.0,3,Categorias,2,21,1
520,197,2,49,2,SP,3,São Paulo,2,Analgésico XYZ,1,Analgésicos,10.0,1,Busca,6,13,1
521,178,1,28,1,PR,1,Curitiba,2,Analgésico XYZ,1,Analgésicos,63.0,1,Busca,4,15,1
522,184,2,51,1,PR,1,Curitiba,6,Câncer XYZ,3,Câncer,80.0,3,Categorias,1,9,0
523,85,2,56,1,PR,3,Maringá,4,Antigripal XYZ,2,Antigripal,87.0,3,Categorias,5,7,1
524,62,2,60,1,PR,1,Curitiba,6,Câncer XYZ,3,Câncer,96.0,1,Busca,3,7,1
525,163,1,31,2,SP,3,Osasco,5,Câncer ABC,3,Câncer,9.0,2,Minhas Listas,4,22,0
526,189,1,56,2,SP,3,São Paulo,6,Câncer XYZ,3,Câncer,40.0,1,Busca,2,6,1
527,179,2,38,2,SP,3,São Paulo,6,Câncer XYZ,3,Câncer,73.0,1,Busca,7,12,0
528,175,1,34,1,PR,3,Maringá,5,Câncer ABC,3,Câncer,69.0,1,Busca,7,10,0
529,137,2,55,1,PR,1,Curitiba,6,Câncer XYZ,3,Câncer,89.0,2,Minhas Listas,3,20,0
530,169,1,26,2,SP,3,Osasco,3,Antigripal ABC,2,Antigripal,19.0,3,Categorias,2,14,1
531,159,1,45,1,PR,3,Maringá,5,Câncer ABC,3,Câncer,59.0,1,Busca,1,13,1
532,189,1,56,1,PR,3,Maringá,2,Analgésico XYZ,1,Analgésicos,69.0,1,Busca,7,17,1
533,15,1,38,1,PR,3,Maringá,3,Antigripal ABC,2,Antigripal,90.0,2,Minhas Listas,5,10,1
534,2,2,34,1,PR,1,Curitiba,2,Analgésico XYZ,1,Analgésicos,98.0,3,Categorias,3,23,0
535,164,1,34,2,SP,3,São Paulo,5,Câncer ABC,3,Câncer,70.0,2,Minhas Listas,4,22,1
536,163,1,31,2,SP,3,Osasco,4,Antigripal XYZ,2,Antigripal,45.0,1,Busca,6,23,1
537,34,1,30,2,SP,3,São Paulo,1,Analgésico ABC,1,Analgésicos,56.0,3,Categorias,7,18,1
538,144,2,39,2,SP,3,Osasco,5,Câncer ABC,3,Câncer,72.0,1,Busca,3,19,0
539,79,2,59,1,PR,1,Curitiba,2,Analgésico XYZ,1,Analgésicos,31.0,3,Categorias,5,18,0
540,4,1,37,1,PR,3,Maringá,1,Analgésico ABC,1,Analgésicos,21.0,2,Minhas Listas,2,21,1
541,9,2,28,1,PR,3,Maringá,5,Câncer ABC,3,Câncer,48.0,2,Minhas Listas,2,15,1
542,20,2,43,2,SP,3,São Paulo,2,Analgésico XYZ,1,Analgésicos,75.0,2,Minhas Listas,6,23,1
543,14,2,29,1,PR,1,Curitiba,5,Câncer ABC,3,Câncer,76.0,2,Minhas Listas,6,21,0
544,95,1,22,1,PR,3,Maringá,1,Analgésico ABC,1,Analgésicos,29.0,1,Busca,5,13,1
545,157,1,40,2,SP,3,São Paulo,3,Antigripal ABC,2,Antigripal,96.0,3,Categorias,1,15,0
546,158,1,48,2,SP,3,Osasco,5,Câncer ABC,3,Câncer,15.0,3,Categorias,7,6,0
547,53,2,58,1,PR,1,Curitiba,5,Câncer ABC,3,Câncer,14.0,3,Categorias,4,24,0
548,172,2,57,1,PR,1,Curitiba,4,Antigripal XYZ,2,Antigripal,19.0,2,Minhas Listas,5,12,1
549,131,2,51,1,PR,1,Curitiba,5,Câncer ABC,3,Câncer,36.0,3,Categorias,7,24,0
550,8,1,60,1,PR,1,Curitiba,1,Analgésico ABC,1,Analgésicos,65.0,1,Busca,7,7,0
551,34,1,30,1,PR,3,Maringá,3,Antigripal ABC,2,Antigripal,5.0,1,Busca,5,12,0
552,56,2,20,2,SP,3,São Paulo,1,Analgésico ABC,1,Analgésicos,93.0,2,Minhas Listas,6,14,1
553,51,2,33,1,PR,3,Maringá,3,Antigripal ABC,2,Antigripal,45.0,1,Busca,3,22,1
554,177,1,45,1,PR,1,Curitiba,5,Câncer ABC,3,Câncer,64.0,1,Busca,1,6,0
555,118,2,20,1,PR,1,Curitiba,3,Antigripal ABC,2,Antigripal,55.0,3,Categorias,7,10,1
556,137,2,55,1,PR,1,Curitiba,2,Analgésico XYZ,1,Analgésicos,11.0,2,Minhas Listas,3,15,0
557,11,1,51,2,SP,3,Osasco,6,Câncer XYZ,3,Câncer,18.0,3,Categorias,6,9,0
558,146,2,22,2,SP,3,Osasco,5,Câncer ABC,3,Câncer,75.0,2,Minhas Listas,1,9,0
559,49,2,36,1,PR,3,Maringá,1,Analgésico ABC,1,Analgésicos,51.0,2,Minhas Listas,1,14,1
560,67,1,52,1,PR,3,Maringá,4,Antigripal XYZ,2,Antigripal,10.0,3,Categorias,5,20,1
561,106,1,43,1,PR,1,Curitiba,6,Câncer XYZ,3,Câncer,27.0,1,Busca,2,13,0
562,0,1,23,1,PR,3,Maringá,2,Analgésico XYZ,1,Analgésicos,85.0,2,Minhas Listas,6,8,0
563,163,1,31,1,PR,1,Curitiba,2,Analgésico XYZ,1,Analgésicos,26.0,3,Categorias,3,9,1
564,158,1,48,1,PR,3,Maringá,4,Antigripal XYZ,2,Antigripal,73.0,2,Minhas Listas,3,8,1
565,150,2,43,2,SP,3,São Paulo,3,Antigripal ABC,2,Antigripal,44.0,2,Minhas Listas,6,18,0
566,134,1,48,1,PR,3,Maringá,3,Antigripal ABC,2,Antigripal,39.0,3,Categorias,7,22,1
567,63,2,48,2,SP,3,Osasco,5,Câncer ABC,3,Câncer,27.0,3,Categorias,7,23,1
568,124,2,60,2,SP,3,Osasco,2,Analgésico XYZ,1,Analgésicos,52.0,2,Minhas Listas,5,20,0
569,118,2,20,2,SP,3,Osasco,6,Câncer XYZ,3,Câncer,49.0,2,Minhas Listas,3,6,0
570,159,1,45,2,SP,3,São Paulo,6,Câncer XYZ,3,Câncer,9.0,1,Busca,1,21,1
571,37,1,60,1,PR,1,Curitiba,5,Câncer ABC,3,Câncer,12.0,3,Categorias,3,10,1
572,144,2,39,2,SP,3,Osasco,5,Câncer ABC,3,Câncer,34.0,2,Minhas Listas,5,13,0
573,79,2,59,2,SP,3,São Paulo,2,Analgésico XYZ,1,Analgésicos,37.0,2,Minhas Listas,7,16,0
574,94,1,34,2,SP,3,São Paulo,2,Analgésico XYZ,1,Analgésicos,41.0,2,Minhas Listas,7,22,0
575,67,1,52,1,PR,1,Curitiba,3,Antigripal ABC,2,Antigripal,90.0,3,Categorias,1,23,0
576,171,2,25,1,PR,1,Curitiba,5,Câncer ABC,3,Câncer,90.0,2,Minhas Listas,1,11,1
577,49,2,36,1,PR,1,Curitiba,2,Analgésico XYZ,1,Analgésicos,1.0,3,Categorias,1,9,0
578,136,2,24,1,PR,1,Curitiba,5,Câncer ABC,3,Câncer,28.0,1,Busca,7,17,1
579,31,2,42,1,PR,3,Maringá,6,Câncer XYZ,3,Câncer,6.0,1,Busca,5,17,1
580,106,1,43,2,SP,3,São Paulo,2,Analgésico XYZ,1,Analgésicos,30.0,3,Categorias,5,10,1
581,97,2,33,2,SP,3,São Paulo,3,Antigripal ABC,2,Antigripal,96.0,3,Categorias,6,21,1
582,40,2,37,1,PR,1,Curitiba,4,Antigripal XYZ,2,Antigripal,39.0,3,Categorias,6,14,1
583,8,1,60,2,SP,3,Osasco,6,Câncer XYZ,3,Câncer,12.0,3,Categorias,3,18,1
584,169,1,26,1,PR,3,Maringá,1,Analgésico ABC,1,Analgésicos,69.0,3,Categorias,1,9,1
585,52,1,27,2,SP,3,São Paulo,4,Antigripal XYZ,2,Antigripal,57.0,3,Categorias,7,9,1
586,102,2,51,2,SP,3,São Paulo,6,Câncer XYZ,3,Câncer,57.0,2,Minhas Listas,4,8,1
587,49,2,36,2,SP,3,Osasco,5,Câncer ABC,3,Câncer,53.0,2,Minhas Listas,2,10,0
588,174,2,48,1,PR,3,Maringá,2,Analgésico XYZ,1,Analgésicos,33.0,2,Minhas Listas,3,11,1
589,172,2,57,2,SP,3,São Paulo,1,Analgésico ABC,1,Analgésicos,10.0,2,Minhas Listas,3,23,1
590,148,2,43,2,SP,3,São Paulo,2,Analgésico XYZ,1,Analgésicos,80.0,2,Minhas Listas,1,11,1
591,43,2,55,2,SP,3,São Paulo,5,Câncer ABC,3,Câncer,22.0,2,Minhas Listas,3,13,0
592,184,2,51,2,SP,3,São Paulo,4,Antigripal XYZ,2,Antigripal,91.0,1,Busca,6,11,1
593,102,2,51,2,SP,3,São Paulo,2,Analgésico XYZ,1,Analgésicos,12.0,1,Busca,6,15,0
594,75,1,52,2,SP,3,Osasco,2,Analgésico XYZ,1,Analgésicos,34.0,3,Categorias,1,17,0
595,141,2,26,2,SP,3,São Paulo,2,Analgésico XYZ,1,Analgésicos,80.0,3,Categorias,7,14,1
596,116,1,47,2,SP,3,São Paulo,2,Analgésico XYZ,1,Analgésicos,47.0,3,Categorias,5,18,0
597,23,1,40,1,PR,3,Maringá,2,Analgésico XYZ,1,Analgésicos,5.0,2,Minhas Listas,1,20,0
598,117,2,22,2,SP,3,São Paulo,1,Analgésico ABC,1,Analgésicos,91.0,3,Categorias,6,15,0
599,144,2,39,1,PR,3,Maringá,5,Câncer ABC,3,Câncer,13.0,3,Categorias,7,22,0
600,141,2,26,1,PR,1,Curitiba,3,Antigripal ABC,2,Antigripal,91.0,3,Categorias,5,19,1
601,191,1,28,2,SP,3,Osasco,4,Antigripal XYZ,2,Antigripal,56.0,3,Categorias,1,6,0
602,0,1,23,2,SP,3,São Paulo,1,Analgésico ABC,1,Analgésicos,34.0,1,Busca,7,12,1
603,40,2,37,1,PR,1,Curitiba,6,Câncer XYZ,3,Câncer,21.0,1,Busca,5,17,1
604,5,2,51,1,PR,1,Curitiba,2,Analgésico XYZ,1,Analgésicos,16.0,1,Busca,1,22,1
605,66,2,28,2,SP,3,Osasco,2,Analgésico XYZ,1,Analgésicos,29.0,2,Minhas Listas,6,21,1
606,76,2,39,1,PR,3,Maringá,4,Antigripal XYZ,2,Antigripal,32.0,3,Categorias,2,9,0
607,151,1,45,2,SP,3,São Paulo,6,Câncer XYZ,3,Câncer,32.0,3,Categorias,6,21,1
608,150,2,43,2,SP,3,São Paulo,2,Analgésico XYZ,1,Analgésicos,14.0,1,Busca,4,13,0
609,72,2,39,2,SP,3,São Paulo,6,Câncer XYZ,3,Câncer,19.0,1,Busca,4,14,1
610,135,2,29,1,PR,1,Curitiba,4,Antigripal XYZ,2,Antigripal,38.0,3,Categorias,4,19,0
611,118,2,20,1,PR,1,Curitiba,1,Analgésico ABC,1,Analgésicos,15.0,3,Categorias,1,16,1
612,122,2,31,2,SP,3,Osasco,4,Antigripal XYZ,2,Antigripal,77.0,3,Categorias,3,8,1
613,20,2,43,1,PR,3,Maringá,3,Antigripal ABC,2,Antigripal,63.0,2,Minhas Listas,5,16,0
614,63,2,48,1,PR,1,Curitiba,6,Câncer XYZ,3,Câncer,36.0,3,Categorias,1,15,0
615,28,2,21,1,PR,1,Curitiba,4,Antigripal XYZ,2,Antigripal,53.0,1,Busca,7,14,1
616,148,2,43,1,PR,1,Curitiba,5,Câncer ABC,3,Câncer,73.0,3,Categorias,6,17,0
617,149,2,52,2,SP,3,Osasco,2,Analgésico XYZ,1,Analgésicos,16.0,1,Busca,5,21,1
618,13,2,27,2,SP,3,São Paulo,1,Analgésico ABC,1,Analgésicos,3.0,1,Busca,4,23,1
619,10,2,25,1,PR,1,Curitiba,1,Analgésico ABC,1,Analgésicos,81.0,3,Categorias,1,17,1
620,184,2,51,2,SP,3,São Paulo,2,Analgésico XYZ,1,Analgésicos,27.0,3,Categorias,6,22,1
621,72,2,39,2,SP,3,São Paulo,1,Analgésico ABC,1,Analgésicos,59.0,1,Busca,2,6,0
622,106,1,43,2,SP,3,Osasco,6,Câncer XYZ,3,Câncer,42.0,1,Busca,1,18,1
623,120,1,53,1,PR,1,Curitiba,1,Analgésico ABC,1,Analgésicos,51.0,1,Busca,6,19,0
624,86,1,21,1,PR,1,Curitiba,2,Analgésico XYZ,1,Analgésicos,100.0,2,Minhas Listas,1,16,0
625,36,1,35,1,PR,1,Curitiba,6,Câncer XYZ,3,Câncer,32.0,1,Busca,2,13,0
626,98,1,42,2,SP,3,Osasco,4,Antigripal XYZ,2,Antigripal,86.0,1,Busca,6,16,0
627,99,1,56,2,SP,3,São Paulo,2,Analgésico XYZ,1,Analgésicos,78.0,3,Categorias,4,18,0
628,122,2,31,1,PR,1,Curitiba,6,Câncer XYZ,3,Câncer,19.0,3,Categorias,5,11,1
629,168,1,46,2,SP,3,São Paulo,1,Analgésico ABC,1,Analgésicos,10.0,1,Busca,6,16,0
630,187,2,25,1,PR,3,Maringá,1,Analgésico ABC,1,Analgésicos,65.0,3,Categorias,1,22,0
631,44,1,26,1,PR,3,Maringá,2,Analgésico XYZ,1,Analgésicos,93.0,2,Minhas Listas,7,22,1
632,25,1,57,1,PR,1,Curitiba,5,Câncer ABC,3,Câncer,99.0,2,Minhas Listas,5,10,0
633,139,1,26,2,SP,3,São Paulo,3,Antigripal ABC,2,Antigripal,73.0,2,Minhas Listas,6,10,1
634,162,1,20,1,PR,1,Curitiba,5,Câncer ABC,3,Câncer,43.0,3,Categorias,4,14,1
635,172,2,57,1,PR,3,Maringá,4,Antigripal XYZ,2,Antigripal,3.0,2,Minhas Listas,6,13,0
636,107,2,31,1,PR,3,Maringá,2,Analgésico XYZ,1,Analgésicos,99.0,2,Minhas Listas,4,24,1
637,136,2,24,1,PR,3,Maringá,3,Antigripal ABC,2,Antigripal,100.0,2,Minhas Listas,3,23,1
638,9,2,28,2,SP,3,Osasco,5,Câncer ABC,3,Câncer,39.0,2,Minhas Listas,2,18,1
639,169,1,26,2,SP,3,Osasco,6,Câncer XYZ,3,Câncer,22.0,3,Categorias,5,8,0
640,169,1,26,1,PR,1,Curitiba,1,Analgésico ABC,1,Analgésicos,67.0,1,Busca,7,7,0
641,120,1,53,2,SP,3,Osasco,3,Antigripal ABC,2,Antigripal,45.0,1,Busca,3,14,0
642,61,1,26,1,PR,3,Maringá,5,Câncer ABC,3,Câncer,25.0,3,Categorias,6,23,0
643,53,2,58,2,SP,3,São Paulo,6,Câncer XYZ,3,Câncer,55.0,2,Minhas Listas,6,14,1
644,31,2,42,2,SP,3,Osasco,1,Analgésico ABC,1,Analgésicos,62.0,3,Categorias,3,8,0
645,71,2,42,1,PR,1,Curitiba,6,Câncer XYZ,3,Câncer,50.0,2,Minhas Listas,3,9,0
646,190,2,49,2,SP,3,Osasco,2,Analgésico XYZ,1,Analgésicos,59.0,3,Categorias,7,13,1
647,55,1,48,1,PR,3,Maringá,1,Analgésico ABC,1,Analgésicos,38.0,3,Categorias,7,6,1
648,191,1,28,1,PR,3,Maringá,3,Antigripal ABC,2,Antigripal,95.0,3,Categorias,3,16,1
649,122,2,31,2,SP,3,Osasco,3,Antigripal ABC,2,Antigripal,34.0,1,Busca,2,7,0
650,23,1,40,2,SP,3,São Paulo,3,Antigripal ABC,2,Antigripal,40.0,1,Busca,1,19,0
651,181,2,55,1,PR,3,Maringá,2,Analgésico XYZ,1,Analgésicos,32.0,3,Categorias,5,15,1
652,152,2,50,1,PR,1,Curitiba,3,Antigripal ABC,2,Antigripal,21.0,2,Minhas Listas,5,24,0
653,5,2,51,2,SP,3,Osasco,1,Analgésico ABC,1,Analgésicos,51.0,2,Minhas Listas,4,20,0
654,138,1,57,1,PR,3,Maringá,5,Câncer ABC,3,Câncer,94.0,2,Minhas Listas,3,17,1
655,130,2,39,1,PR,3,Maringá,1,Analgésico ABC,1,Analgésicos,18.0,3,Categorias,2,24,0
656,19,1,27,2,SP,3,Osasco,5,Câncer ABC,3,Câncer,38.0,2,Minhas Listas,2,11,0
657,98,1,42,1,PR,3,Maringá,6,Câncer XYZ,3,Câncer,64.0,3,Categorias,1,15,1
658,25,1,57,2,SP,3,São Paulo,1,Analgésico ABC,1,Analgésicos,31.0,1,Busca,2,24,0
659,161,2,30,1,PR,1,Curitiba,3,Antigripal ABC,2,Antigripal,85.0,2,Minhas Listas,3,18,0
660,164,1,34,1,PR,1,Curitiba,6,Câncer XYZ,3,Câncer,92.0,3,Categorias,7,24,1
661,57,1,51,1,PR,1,Curitiba,5,Câncer ABC,3,Câncer,100.0,3,Categorias,1,15,1
662,74,2,42,2,SP,3,São Paulo,1,Analgésico ABC,1,Analgésicos,20.0,1,Busca,3,11,1
663,28,2,21,1,PR,1,Curitiba,5,Câncer ABC,3,Câncer,78.0,3,Categorias,6,10,1
664,128,1,21,1,PR,1,Curitiba,5,Câncer ABC,3,Câncer,83.0,3,Categorias,5,21,0
665,146,2,22,2,SP,3,São Paulo,5,Câncer ABC,3,Câncer,37.0,2,Minhas Listas,7,10,0
666,1,2,23,1,PR,1,Curitiba,6,Câncer XYZ,3,Câncer,92.0,3,Categorias,1,19,0
667,15,1,38,1,PR,1,Curitiba,6,Câncer XYZ,3,Câncer,75.0,1,Busca,4,7,0
668,72,2,39,1,PR,1,Curitiba,2,Analgésico XYZ,1,Analgésicos,75.0,3,Categorias,4,18,0
669,158,1,48,2,SP,3,Osasco,3,Antigripal ABC,2,Antigripal,16.0,3,Categorias,2,24,0
670,115,1,30,2,SP,3,São Paulo,6,Câncer XYZ,3,Câncer,58.0,1,Busca,4,9,0
671,109,1,48,2,SP,3,Osasco,4,Antigripal XYZ,2,Antigripal,70.0,3,Categorias,6,18,1
672,38,1,40,1,PR,3,Maringá,3,Antigripal ABC,2,Antigripal,88.0,1,Busca,7,14,1
673,92,2,23,1,PR,3,Maringá,6,Câncer XYZ,3,Câncer,94.0,2,Minhas Listas,5,8,0
674,186,2,43,2,SP,3,São Paulo,5,Câncer ABC,3,Câncer,84.0,2,Minhas Listas,7,14,0
675,52,1,27,2,SP,3,São Paulo,6,Câncer XYZ,3,Câncer,68.0,1,Busca,7,8,0
676,139,1,26,2,SP,3,Osasco,2,Analgésico XYZ,1,Analgésicos,88.0,3,Categorias,2,15,0
677,107,2,31,1,PR,1,Curitiba,2,Analgésico XYZ,1,Analgésicos,73.0,2,Minhas Listas,1,7,0
678,139,1,26,1,PR,3,Maringá,2,Analgésico XYZ,1,Analgésicos,30.0,3,Categorias,4,22,0
679,147,2,57,2,SP,3,Osasco,5,Câncer ABC,3,Câncer,58.0,2,Minhas Listas,3,9,0
680,168,1,46,1,PR,1,Curitiba,4,Antigripal XYZ,2,Antigripal,13.0,3,Categorias,2,15,0
681,86,1,21,1,PR,1,Curitiba,1,Analgésico ABC,1,Analgésicos,38.0,1,Busca,4,23,0
682,130,2,39,2,SP,3,São Paulo,4,Antigripal XYZ,2,Antigripal,83.0,2,Minhas Listas,5,13,1
683,39,2,47,1,PR,3,Maringá,1,Analgésico ABC,1,Analgésicos,64.0,3,Categorias,5,10,1
684,193,1,42,1,PR,3,Maringá,2,Analgésico XYZ,1,Analgésicos,34.0,1,Busca,1,17,0
685,138,1,57,2,SP,3,São Paulo,3,Antigripal ABC,2,Antigripal,75.0,1,Busca,4,10,1
686,104,2,53,2,SP,3,São Paulo,3,Antigripal ABC,2,Antigripal,2.0,3,Categorias,5,24,1
687,146,2,22,1,PR,3,Maringá,5,Câncer ABC,3,Câncer,49.0,2,Minhas Listas,1,21,0
688,20,2,43,1,PR,1,Curitiba,6,Câncer XYZ,3,Câncer,54.0,2,Minhas Listas,3,21,1
689,114,2,49,2,SP,3,São Paulo,1,Analgésico ABC,1,Analgésicos,100.0,3,Categorias,7,6,1
690,175,1,34,1,PR,3,Maringá,1,Analgésico ABC,1,Analgésicos,78.0,3,Categorias,5,8,1
691,37,1,60,1,PR,3,Maringá,2,Analgésico XYZ,1,Analgésicos,61.0,2,Minhas Listas,5,24,0
692,62,2,60,1,PR,1,Curitiba,6,Câncer XYZ,3,Câncer,50.0,2,Minhas Listas,3,21,0
693,2,2,34,1,PR,1,Curitiba,5,Câncer ABC,3,Câncer,39.0,2,Minhas Listas,5,24,1
694,184,2,51,2,SP,3,São Paulo,3,Antigripal ABC,2,Antigripal,32.0,2,Minhas Listas,6,8,0
695,57,1,51,1,PR,1,Curitiba,4,Antigripal XYZ,2,Antigripal,28.0,1,Busca,5,14,0
696,21,1,52,2,SP,3,Osasco,4,Antigripal XYZ,2,Antigripal,70.0,3,Categorias,2,10,0
697,123,2,27,1,PR,3,Maringá,4,Antigripal XYZ,2,Antigripal,17.0,2,Minhas Listas,3,10,1
698,99,1,56,1,PR,1,Curitiba,6,Câncer XYZ,3,Câncer,29.0,3,Categorias,2,13,0
699,124,2,60,2,SP,3,São Paulo,4,Antigripal XYZ,2,Antigripal,88.0,2,Minhas Listas,3,14,1
700,102,2,51,1,PR,1,Curitiba,4,Antigripal XYZ,2,Antigripal,75.0,2,Minhas Listas,5,12,1
701,49,2,36,2,SP,3,Osasco,3,Antigripal ABC,2,Antigripal,4.0,1,Busca,2,17,1
702,180,2,39,2,SP,3,São Paulo,2,Analgésico XYZ,1,Analgésicos,71.0,1,Busca,7,6,0
703,134,1,48,2,SP,3,Osasco,5,Câncer ABC,3,Câncer,17.0,2,Minhas Listas,3,14,0
704,44,1,26,2,SP,3,São Paulo,4,Antigripal XYZ,2,Antigripal,79.0,3,Categorias,5,8,0
705,44,1,26,2,SP,3,Osasco,5,Câncer ABC,3,Câncer,89.0,1,Busca,5,6,1
706,33,1,45,1,PR,1,Curitiba,6,Câncer XYZ,3,Câncer,70.0,2,Minhas Listas,6,7,0
707,59,2,36,2,SP,3,Osasco,2,Analgésico XYZ,1,Analgésicos,42.0,1,Busca,1,7,0
708,176,2,60,2,SP,3,São Paulo,4,Antigripal XYZ,2,Antigripal,58.0,1,Busca,5,9,1
709,125,1,45,1,PR,1,Curitiba,6,Câncer XYZ,3,Câncer,58.0,2,Minhas Listas,3,20,1
710,84,1,56,2,SP,3,São Paulo,1,Analgésico ABC,1,Analgésicos,78.0,1,Busca,2,11,1
711,48,1,36,1,PR,1,Curitiba,5,Câncer ABC,3,Câncer,60.0,1,Busca,6,8,0
712,173,2,30,1,PR,1,Curitiba,2,Analgésico XYZ,1,Analgésicos,37.0,1,Busca,1,14,0
713,149,2,52,2,SP,3,Osasco,6,Câncer XYZ,3,Câncer,72.0,3,Categorias,4,21,1
714,91,1,57,2,SP,3,Osasco,2,Analgésico XYZ,1,Analgésicos,39.0,3,Categorias,5,6,1
715,189,1,56,2,SP,3,Osasco,6,Câncer XYZ,3,Câncer,49.0,1,Busca,3,21,0
716,67,1,52,1,PR,1,Curitiba,3,Antigripal ABC,2,Antigripal,88.0,1,Busca,2,19,0
717,121,2,54,1,PR,1,Curitiba,6,Câncer XYZ,3,Câncer,29.0,2,Minhas Listas,2,11,0
718,83,2,39,2,SP,3,São Paulo,2,Analgésico XYZ,1,Analgésicos,15.0,2,Minhas Listas,7,13,0
719,35,1,43,2,SP,3,Osasco,6,Câncer XYZ,3,Câncer,21.0,1,Busca,5,12,1
720,120,1,53,1,PR,1,Curitiba,2,Analgésico XYZ,1,Analgésicos,57.0,2,Minhas Listas,6,20,0
721,192,1,40,2,SP,3,Osasco,3,Antigripal ABC,2,Antigripal,83.0,2,Minhas Listas,7,6,1
722,121,2,54,2,SP,3,São Paulo,3,Antigripal ABC,2,Antigripal,51.0,2,Minhas Listas,2,20,0
723,35,1,43,1,PR,3,Maringá,3,Antigripal ABC,2,Antigripal,30.0,2,Minhas Listas,5,14,0
724,39,2,47,2,SP,3,Osasco,4,Antigripal XYZ,2,Antigripal,52.0,1,Busca,7,11,1
725,75,1,52,2,SP,3,São Paulo,4,Antigripal XYZ,2,Antigripal,12.0,3,Categorias,5,12,0
726,166,2,22,2,SP,3,Osasco,4,Antigripal XYZ,2,Antigripal,8.0,2,Minhas Listas,5,14,1
727,103,1,47,1,PR,1,Curitiba,4,Antigripal XYZ,2,Antigripal,97.0,2,Minhas Listas,3,9,0
728,125,1,45,2,SP,3,Osasco,3,Antigripal ABC,2,Antigripal,87.0,3,Categorias,3,11,1
729,56,2,20,2,SP,3,São Paulo,6,Câncer XYZ,3,Câncer,6.0,1,Busca,2,8,0
730,195,2,22,1,PR,1,Curitiba,1,Analgésico ABC,1,Analgésicos,15.0,1,Busca,6,16,0
731,31,2,42,1,PR,1,Curitiba,1,Analgésico ABC,1,Analgésicos,29.0,2,Minhas Listas,5,20,0
732,74,2,42,2,SP,3,Osasco,4,Antigripal XYZ,2,Antigripal,46.0,3,Categorias,4,16,1
733,26,2,29,1,PR,1,Curitiba,5,Câncer ABC,3,Câncer,28.0,1,Busca,4,22,0
734,54,2,47,2,SP,3,São Paulo,4,Antigripal XYZ,2,Antigripal,10.0,1,Busca,5,7,1
735,67,1,52,1,PR,1,Curitiba,4,Antigripal XYZ,2,Antigripal,12.0,2,Minhas Listas,1,19,1
736,3,2,40,1,PR,3,Maringá,4,Antigripal XYZ,2,Antigripal,73.0,1,Busca,4,7,0
737,193,1,42,1,PR,3,Maringá,1,Analgésico ABC,1,Analgésicos,74.0,2,Minhas Listas,5,13,0
738,72,2,39,1,PR,3,Maringá,3,Antigripal ABC,2,Antigripal,24.0,2,Minhas Listas,7,20,1
739,189,1,56,2,SP,3,São Paulo,1,Analgésico ABC,1,Analgésicos,55.0,3,Categorias,5,8,1
740,98,1,42,2,SP,3,Osasco,1,Analgésico ABC,1,Analgésicos,48.0,2,Minhas Listas,6,15,0
741,199,2,57,2,SP,3,São Paulo,6,Câncer XYZ,3,Câncer,23.0,3,Categorias,1,14,1
742,2,2,34,2,SP,3,São Paulo,4,Antigripal XYZ,2,Antigripal,18.0,3,Categorias,7,20,0
743,117,2,22,2,SP,3,Osasco,4,Antigripal XYZ,2,Antigripal,13.0,2,Minhas Listas,7,18,1
744,44,1,26,2,SP,3,Osasco,5,Câncer ABC,3,Câncer,95.0,1,Busca,4,22,0
745,131,2,51,1,PR,1,Curitiba,3,Antigripal ABC,2,Antigripal,56.0,1,Busca,6,11,1
746,12,1,34,1,PR,1,Curitiba,1,Analgésico ABC,1,Analgésicos,53.0,1,Busca,6,18,1
747,140,1,44,2,SP,3,São Paulo,6,Câncer XYZ,3,Câncer,52.0,2,Minhas Listas,7,19,1
748,111,1,32,1,PR,3,Maringá,3,Antigripal ABC,2,Antigripal,81.0,3,Categorias,6,12,0
749,120,1,53,2,SP,3,São Paulo,2,Analgésico XYZ,1,Analgésicos,31.0,3,Categorias,7,9,0
750,56,2,20,2,SP,3,Osasco,4,Antigripal XYZ,2,Antigripal,80.0,2,Minhas Listas,1,18,0
751,112,2,54,2,SP,3,São Paulo,4,Antigripal XYZ,2,Antigripal,54.0,1,Busca,5,21,0
752,195,2,22,1,PR,1,Curitiba,2,Analgésico XYZ,1,Analgésicos,2.0,2,Minhas Listas,7,10,0
753,146,2,22,2,SP,3,São Paulo,6,Câncer XYZ,3,Câncer,18.0,1,Busca,1,19,1
754,84,1,56,2,SP,3,Osasco,3,Antigripal ABC,2,Antigripal,81.0,1,Busca,6,16,1
755,9,2,28,1,PR,3,Maringá,3,Antigripal ABC,2,Antigripal,16.0,2,Minhas Listas,2,7,1
756,44,1,26,2,SP,3,São Paulo,2,Analgésico XYZ,1,Analgésicos,29.0,3,Categorias,4,15,1
757,23,1,40,1,PR,1,Curitiba,4,Antigripal XYZ,2,Antigripal,67.0,2,Minhas Listas,3,16,0
758,145,2,23,2,SP,3,São Paulo,5,Câncer ABC,3,Câncer,42.0,1,Busca,3,23,1
759,156,2,34,1,PR,1,Curitiba,6,Câncer XYZ,3,Câncer,70.0,3,Categorias,4,8,0
760,196,1,30,2,SP,3,Osasco,6,Câncer XYZ,3,Câncer,53.0,2,Minhas Listas,4,10,1
761,81,1,35,2,SP,3,São Paulo,5,Câncer ABC,3,Câncer,24.0,3,Categorias,2,10,0
762,70,1,22,1,PR,1,Curitiba,6,Câncer XYZ,3,Câncer,42.0,2,Minhas Listas,4,18,1
763,122,2,31,2,SP,3,Osasco,6,Câncer XYZ,3,Câncer,34.0,1,Busca,4,18,0
764,4,1,37,2,SP,3,São Paulo,5,Câncer ABC,3,Câncer,36.0,3,Categorias,3,10,0
765,78,2,48,2,SP,3,São Paulo,2,Analgésico XYZ,1,Analgésicos,33.0,2,Minhas Listas,7,14,1
766,1,2,23,2,SP,3,Osasco,5,Câncer ABC,3,Câncer,55.0,2,Minhas Listas,4,20,0
767,21,1,52,1,PR,1,Curitiba,2,Analgésico XYZ,1,Analgésicos,86.0,1,Busca,7,17,1
768,109,1,48,1,PR,3,Maringá,3,Antigripal ABC,2,Antigripal,44.0,3,Categorias,7,18,0
769,68,2,48,2,SP,3,Osasco,4,Antigripal XYZ,2,Antigripal,19.0,2,Minhas Listas,6,10,0
770,132,1,47,2,SP,3,Osasco,2,Analgésico XYZ,1,Analgésicos,64.0,3,Categorias,1,19,0
771,189,1,56,2,SP,3,São Paulo,4,Antigripal XYZ,2,Antigripal,44.0,1,Busca,6,22,1
772,148,2,43,1,PR,3,Maringá,1,Analgésico ABC,1,Analgésicos,81.0,2,Minhas Listas,3,17,0
773,197,2,49,2,SP,3,São Paulo,5,Câncer ABC,3,Câncer,17.0,2,Minhas Listas,1,23,0
774,129,1,38,2,SP,3,Osasco,5,Câncer ABC,3,Câncer,69.0,2,Minhas Listas,1,24,1
775,69,1,39,1,PR,1,Curitiba,3,Antigripal ABC,2,Antigripal,37.0,2,Minhas Listas,3,6,0
776,194,1,29,2,SP,3,São Paulo,1,Analgésico ABC,1,Analgésicos,7.0,3,Categorias,3,16,1
777,166,2,22,1,PR,3,Maringá,3,Antigripal ABC,2,Antigripal,10.0,2,Minhas Listas,1,7,1
778,57,1,51,1,PR,3,Maringá,1,Analgésico ABC,1,Analgésicos,2.0,3,Categorias,5,16,0
779,154,2,58,2,SP,3,Osasco,5,Câncer ABC,3,Câncer,27.0,1,Busca,2,15,0
780,54,2,47,1,PR,3,Maringá,2,Analgésico XYZ,1,Analgésicos,79.0,2,Minhas Listas,4,9,1
781,32,1,21,2,SP,3,Osasco,3,Antigripal ABC,2,Antigripal,20.0,2,Minhas Listas,7,23,0
782,182,1,22,2,SP,3,Osasco,2,Analgésico XYZ,1,Analgésicos,97.0,3,Categorias,5,18,1
783,146,2,22,1,PR,3,Maringá,3,Antigripal ABC,2,Antigripal,92.0,2,Minhas Listas,6,12,1
784,199,2,57,2,SP,3,Osasco,3,Antigripal ABC,2,Antigripal,67.0,2,Minhas Listas,7,22,0
785,155,2,41,2,SP,3,Osasco,4,Antigripal XYZ,2,Antigripal,71.0,1,Busca,1,11,0
786,118,2,20,1,PR,1,Curitiba,3,Antigripal ABC,2,Antigripal,49.0,3,Categorias,3,19,0
787,81,1,35,2,SP,3,São Paulo,2,Analgésico XYZ,1,Analgésicos,85.0,2,Minhas Listas,1,22,0
788,39,2,47,1,PR,1,Curitiba,3,Antigripal ABC,2,Antigripal,26.0,3,Categorias,7,17,1
789,2,2,34,2,SP,3,Osasco,2,Analgésico XYZ,1,Analgésicos,20.0,2,Minhas Listas,7,10,1
790,119,2,53,2,SP,3,São Paulo,5,Câncer ABC,3,Câncer,83.0,2,Minhas Listas,7,14,1
791,91,1,57,2,SP,3,São Paulo,6,Câncer XYZ,3,Câncer,40.0,3,Categorias,3,24,1
792,181,2,55,2,SP,3,São Paulo,4,Antigripal XYZ,2,Antigripal,29.0,2,Minhas Listas,4,15,1
793,41,2,24,2,SP,3,São Paulo,1,Analgésico ABC,1,Analgésicos,90.0,2,Minhas Listas,4,13,0
794,177,1,45,1,PR,1,Curitiba,1,Analgésico ABC,1,Analgésicos,56.0,2,Minhas Listas,7,18,0
795,74,2,42,2,SP,3,São Paulo,1,Analgésico ABC,1,Analgésicos,99.0,3,Categorias,2,12,1
796,38,1,40,2,SP,3,São Paulo,5,Câncer ABC,3,Câncer,27.0,3,Categorias,1,12,1
797,56,2,20,1,PR,1,Curitiba,3,Antigripal ABC,2,Antigripal,31.0,3,Categorias,5,21,1
798,120,1,53,1,PR,3,Maringá,1,Analgésico ABC,1,Analgésicos,96.0,2,Minhas Listas,5,22,0
799,172,2,57,1,PR,3,Maringá,6,Câncer XYZ,3,Câncer,82.0,3,Categorias,5,6,0
800,121,2,54,1,PR,1,Curitiba,3,Antigripal ABC,2,Antigripal,48.0,2,Minhas Listas,7,22,1
801,145,2,23,2,SP,3,Osasco,4,Antigripal XYZ,2,Antigripal,57.0,1,Busca,1,14,0
802,93,1,52,2,SP,3,São Paulo,5,Câncer ABC,3,Câncer,66.0,1,Busca,5,18,1
803,58,2,25,1,PR,1,Curitiba,4,Antigripal XYZ,2,Antigripal,38.0,1,Busca,1,12,1
804,144,2,39,2,SP,3,Osasco,2,Analgésico XYZ,1,Analgésicos,15.0,1,Busca,5,8,1
805,94,1,34,1,PR,1,Curitiba,2,Analgésico XYZ,1,Analgésicos,88.0,3,Categorias,1,15,0
806,7,2,41,2,SP,3,São Paulo,6,Câncer XYZ,3,Câncer,70.0,3,Categorias,1,15,0
807,118,2,20,1,PR,1,Curitiba,6,Câncer XYZ,3,Câncer,78.0,3,Categorias,7,6,0
808,111,1,32,2,SP,3,Osasco,2,Analgésico XYZ,1,Analgésicos,21.0,1,Busca,3,21,0
809,141,2,26,1,PR,3,Maringá,5,Câncer ABC,3,Câncer,90.0,1,Busca,4,14,1
810,132,1,47,2,SP,3,Osasco,2,Analgésico XYZ,1,Analgésicos,91.0,3,Categorias,4,15,1
811,35,1,43,2,SP,3,São Paulo,1,Analgésico ABC,1,Analgésicos,6.0,1,Busca,6,24,1
812,2,2,34,1,PR,3,Maringá,4,Antigripal XYZ,2,Antigripal,39.0,2,Minhas Listas,3,12,1
813,140,1,44,2,SP,3,Osasco,4,Antigripal XYZ,2,Antigripal,71.0,2,Minhas Listas,2,8,1
814,75,1,52,2,SP,3,Osasco,5,Câncer ABC,3,Câncer,42.0,1,Busca,5,16,0
815,145,2,23,2,SP,3,São Paulo,4,Antigripal XYZ,2,Antigripal,88.0,3,Categorias,3,11,1
816,62,2,60,2,SP,3,Osasco,2,Analgésico XYZ,1,Analgésicos,58.0,2,Minhas Listas,3,12,1
817,86,1,21,1,PR,1,Curitiba,3,Antigripal ABC,2,Antigripal,80.0,2,Minhas Listas,4,13,0
818,167,1,37,1,PR,3,Maringá,1,Analgésico ABC,1,Analgésicos,76.0,3,Categorias,5,10,0
819,168,1,46,1,PR,1,Curitiba,1,Analgésico ABC,1,Analgésicos,50.0,1,Busca,2,11,0
820,170,1,55,1,PR,1,Curitiba,3,Antigripal ABC,2,Antigripal,91.0,1,Busca,6,11,1
821,77,1,58,1,PR,3,Maringá,1,Analgésico ABC,1,Analgésicos,41.0,2,Minhas Listas,3,7,1
822,5,2,51,1,PR,3,Maringá,2,Analgésico XYZ,1,Analgésicos,48.0,3,Categorias,3,7,1
823,64,2,32,1,PR,1,Curitiba,4,Antigripal XYZ,2,Antigripal,97.0,2,Minhas Listas,2,11,1
824,128,1,21,2,SP,3,Osasco,5,Câncer ABC,3,Câncer,99.0,3,Categorias,7,12,1
825,156,2,34,2,SP,3,Osasco,3,Antigripal ABC,2,Antigripal,96.0,3,Categorias,4,17,0
826,108,1,59,2,SP,3,Osasco,1,Analgésico ABC,1,Analgésicos,6.0,2,Minhas Listas,6,17,0
827,27,2,35,1,PR,3,Maringá,3,Antigripal ABC,2,Antigripal,78.0,3,Categorias,4,11,1
828,46,1,33,2,SP,3,Osasco,1,Analgésico ABC,1,Analgésicos,90.0,1,Busca,3,9,0
829,179,2,38,2,SP,3,São Paulo,4,Antigripal XYZ,2,Antigripal,51.0,1,Busca,5,24,0
830,199,2,57,1,PR,1,Curitiba,1,Analgésico ABC,1,Analgésicos,10.0,2,Minhas Listas,6,19,0
831,31,2,42,2,SP,3,São Paulo,6,Câncer XYZ,3,Câncer,29.0,2,Minhas Listas,5,18,1
832,92,2,23,1,PR,3,Maringá,3,Antigripal ABC,2,Antigripal,52.0,2,Minhas Listas,3,11,0
833,73,2,29,2,SP,3,São Paulo,5,Câncer ABC,3,Câncer,77.0,1,Busca,2,12,0
834,82,2,52,2,SP,3,São Paulo,1,Analgésico ABC,1,Analgésicos,24.0,3,Categorias,6,11,1
835,2,2,34,2,SP,3,São Paulo,2,Analgésico XYZ,1,Analgésicos,41.0,2,Minhas Listas,1,15,1
836,20,2,43,2,SP,3,São Paulo,4,Antigripal XYZ,2,Antigripal,87.0,3,Categorias,6,8,0
837,106,1,43,1,PR,1,Curitiba,5,Câncer ABC,3,Câncer,100.0,3,Categorias,5,9,1
838,84,1,56,2,SP,3,Osasco,1,Analgésico ABC,1,Analgésicos,16.0,2,Minhas Listas,4,21,0
839,160,1,37,1,PR,3,Maringá,6,Câncer XYZ,3,Câncer,31.0,1,Busca,3,15,0
840,120,1,53,1,PR,1,Curitiba,5,Câncer ABC,3,Câncer,72.0,2,Minhas Listas,6,22,1
841,156,2,34,2,SP,3,Osasco,5,Câncer ABC,3,Câncer,81.0,2,Minhas Listas,6,22,1
842,118,2,20,2,SP,3,Osasco,1,Analgésico ABC,1,Analgésicos,70.0,2,Minhas Listas,4,21,0
843,153,1,39,2,SP,3,Osasco,2,Analgésico XYZ,1,Analgésicos,32.0,1,Busca,2,24,1
844,55,1,48,1,PR,1,Curitiba,4,Antigripal XYZ,2,Antigripal,52.0,3,Categorias,3,7,1
845,154,2,58,1,PR,1,Curitiba,1,Analgésico ABC,1,Analgésicos,62.0,1,Busca,1,12,0
846,129,1,38,2,SP,3,Osasco,4,Antigripal XYZ,2,Antigripal,11.0,3,Categorias,1,24,1
847,142,2,54,1,PR,3,Maringá,2,Analgésico XYZ,1,Analgésicos,7.0,2,Minhas Listas,5,10,0
848,33,1,45,1,PR,3,Maringá,2,Analgésico XYZ,1,Analgésicos,21.0,1,Busca,1,7,1
849,174,2,48,1,PR,1,Curitiba,1,Analgésico ABC,1,Analgésicos,12.0,2,Minhas Listas,4,18,0
850,123,2,27,2,SP,3,Osasco,5,Câncer ABC,3,Câncer,87.0,2,Minhas Listas,7,9,1
851,15,1,38,1,PR,1,Curitiba,4,Antigripal XYZ,2,Antigripal,98.0,3,Categorias,6,18,0
852,53,2,58,2,SP,3,Osasco,2,Analgésico XYZ,1,Analgésicos,3.0,2,Minhas Listas,7,11,0
853,138,1,57,1,PR,1,Curitiba,4,Antigripal XYZ,2,Antigripal,42.0,2,Minhas Listas,6,24,0
854,4,1,37,2,SP,3,São Paulo,4,Antigripal XYZ,2,Antigripal,45.0,2,Minhas Listas,7,8,0
855,90,1,26,1,PR,3,Maringá,1,Analgésico ABC,1,Analgésicos,95.0,2,Minhas Listas,7,20,1
856,170,1,55,2,SP,3,São Paulo,4,Antigripal XYZ,2,Antigripal,73.0,1,Busca,6,24,0
857,153,1,39,2,SP,3,Osasco,1,Analgésico ABC,1,Analgésicos,96.0,1,Busca,4,21,0
858,21,1,52,2,SP,3,Osasco,5,Câncer ABC,3,Câncer,38.0,3,Categorias,5,12,0
859,159,1,45,2,SP,3,Osasco,2,Analgésico XYZ,1,Analgésicos,51.0,2,Minhas Listas,7,9,1
860,32,1,21,2,SP,3,São Paulo,6,Câncer XYZ,3,Câncer,66.0,2,Minhas Listas,2,10,0
861,24,2,55,2,SP,3,Osasco,6,Câncer XYZ,3,Câncer,75.0,1,Busca,6,8,0
862,183,1,42,1,PR,3,Maringá,4,Antigripal XYZ,2,Antigripal,11.0,3,Categorias,2,20,0
863,42,1,47,2,SP,3,São Paulo,5,Câncer ABC,3,Câncer,62.0,3,Categorias,2,15,0
864,81,1,35,2,SP,3,Osasco,6,Câncer XYZ,3,Câncer,7.0,2,Minhas Listas,5,22,0
865,157,1,40,2,SP,3,São Paulo,4,Antigripal XYZ,2,Antigripal,19.0,1,Busca,3,12,1
866,177,1,45,2,SP,3,São Paulo,4,Antigripal XYZ,2,Antigripal,34.0,3,Categorias,5,11,0
867,135,2,29,1,PR,3,Maringá,6,Câncer XYZ,3,Câncer,73.0,2,Minhas Listas,2,23,1
868,139,1,26,2,SP,3,São Paulo,4,Antigripal XYZ,2,Antigripal,41.0,3,Categorias,4,7,0
869,193,1,42,2,SP,3,São Paulo,4,Antigripal XYZ,2,Antigripal,56.0,1,Busca,4,20,0
870,24,2,55,1,PR,1,Curitiba,6,Câncer XYZ,3,Câncer,59.0,3,Categorias,4,16,1
871,62,2,60,1,PR,3,Maringá,3,Antigripal ABC,2,Antigripal,89.0,1,Busca,6,8,0
872,9,2,28,2,SP,3,São Paulo,6,Câncer XYZ,3,Câncer,4.0,1,Busca,7,6,1
873,104,2,53,2,SP,3,Osasco,2,Analgésico XYZ,1,Analgésicos,42.0,3,Categorias,6,23,1
874,172,2,57,1,PR,3,Maringá,6,Câncer XYZ,3,Câncer,66.0,3,Categorias,1,20,0
875,100,1,40,2,SP,3,São Paulo,6,Câncer XYZ,3,Câncer,18.0,1,Busca,3,17,0
876,132,1,47,2,SP,3,São Paulo,4,Antigripal XYZ,2,Antigripal,82.0,1,Busca,5,14,0
877,2,2,34,1,PR,3,Maringá,5,Câncer ABC,3,Câncer,11.0,2,Minhas Listas,2,17,0
878,44,1,26,2,SP,3,Osasco,6,Câncer XYZ,3,Câncer,4.0,2,Minhas Listas,2,22,1
879,99,1,56,1,PR,1,Curitiba,2,Analgésico XYZ,1,Analgésicos,84.0,1,Busca,6,12,0
880,191,1,28,1,PR,3,Maringá,4,Antigripal XYZ,2,Antigripal,58.0,3,Categorias,4,24,0
881,38,1,40,2,SP,3,São Paulo,5,Câncer ABC,3,Câncer,94.0,1,Busca,4,10,1
882,121,2,54,1,PR,3,Maringá,4,Antigripal XYZ,2,Antigripal,26.0,1,Busca,4,18,1
883,4,1,37,1,PR,3,Maringá,6,Câncer XYZ,3,Câncer,32.0,3,Categorias,3,20,1
884,18,2,44,1,PR,3,Maringá,1,Analgésico ABC,1,Analgésicos,92.0,3,Categorias,3,6,0
885,22,2,47,1,PR,3,Maringá,5,Câncer ABC,3,Câncer,6.0,3,Categorias,1,16,1
886,156,2,34,1,PR,3,Maringá,3,Antigripal ABC,2,Antigripal,44.0,2,Minhas Listas,2,21,0
887,34,1,30,2,SP,3,Osasco,6,Câncer XYZ,3,Câncer,65.0,3,Categorias,2,11,0
888,9,2,28,1,PR,3,Maringá,5,Câncer ABC,3,Câncer,44.0,2,Minhas Listas,2,19,1
889,145,2,23,1,PR,3,Maringá,2,Analgésico XYZ,1,Analgésicos,85.0,3,Categorias,5,15,0
890,71,2,42,2,SP,3,São Paulo,6,Câncer XYZ,3,Câncer,54.0,2,Minhas Listas,3,6,1
891,170,1,55,2,SP,3,São Paulo,2,Analgésico XYZ,1,Analgésicos,62.0,1,Busca,2,12,0
892,95,1,22,2,SP,3,São Paulo,2,Analgésico XYZ,1,Analgésicos,37.0,3,Categorias,5,10,0
893,95,1,22,1,PR,3,Maringá,3,Antigripal ABC,2,Antigripal,71.0,3,Categorias,5,20,1
894,0,1,23,2,SP,3,São Paulo,2,Analgésico XYZ,1,Analgésicos,9.0,1,Busca,7,24,1
895,127,2,22,2,SP,3,Osasco,2,Analgésico XYZ,1,Analgésicos,22.0,2,Minhas Listas,3,13,1
896,122,2,31,1,PR,3,Maringá,4,Antigripal XYZ,2,Antigripal,77.0,2,Minhas Listas,7,19,1
897,8,1,60,1,PR,3,Maringá,1,Analgésico ABC,1,Analgésicos,63.0,2,Minhas Listas,7,11,1
898,64,2,32,2,SP,3,São Paulo,4,Antigripal XYZ,2,Antigripal,27.0,1,Busca,3,11,0
899,143,2,45,1,PR,3,Maringá,3,Antigripal ABC,2,Antigripal,9.0,2,Minhas Listas,1,22,1
900,197,2,49,1,PR,3,Maringá,5,Câncer ABC,3,Câncer,99.0,2,Minhas Listas,7,16,1
901,164,1,34,2,SP,3,Osasco,4,Antigripal XYZ,2,Antigripal,83.0,3,Categorias,2,19,1
902,85,2,56,2,SP,3,Osasco,4,Antigripal XYZ,2,Antigripal,3.0,3,Categorias,5,19,0
903,164,1,34,2,SP,3,Osasco,4,Antigripal XYZ,2,Antigripal,45.0,3,Categorias,2,15,0
904,153,1,39,1,PR,1,Curitiba,3,Antigripal ABC,2,Antigripal,82.0,2,Minhas Listas,6,10,0
905,182,1,22,1,PR,3,Maringá,2,Analgésico XYZ,1,Analgésicos,86.0,1,Busca,6,24,1
906,109,1,48,2,SP,3,São Paulo,5,Câncer ABC,3,Câncer,21.0,1,Busca,2,9,1
907,89,1,36,1,PR,1,Curitiba,3,Antigripal ABC,2,Antigripal,20.0,1,Busca,2,19,0
908,21,1,52,2,SP,3,Osasco,6,Câncer XYZ,3,Câncer,33.0,2,Minhas Listas,6,20,1
909,64,2,32,2,SP,3,São Paulo,3,Antigripal ABC,2,Antigripal,49.0,1,Busca,3,20,1
910,87,2,23,1,PR,1,Curitiba,3,Antigripal ABC,2,Antigripal,41.0,1,Busca,6,16,1
911,85,2,56,1,PR,3,Maringá,1,Analgésico ABC,1,Analgésicos,51.0,3,Categorias,5,8,1
912,97,2,33,1,PR,1,Curitiba,1,Analgésico ABC,1,Analgésicos,95.0,1,Busca,3,8,1
913,75,1,52,2,SP,3,São Paulo,4,Antigripal XYZ,2,Antigripal,34.0,2,Minhas Listas,1,9,1
914,153,1,39,2,SP,3,São Paulo,1,Analgésico ABC,1,Analgésicos,72.0,2,Minhas Listas,3,24,1
915,0,1,23,1,PR,1,Curitiba,1,Analgésico ABC,1,Analgésicos,47.0,2,Minhas Listas,1,15,1
916,42,1,47,1,PR,1,Curitiba,3,Antigripal ABC,2,Antigripal,68.0,3,Categorias,5,16,1
917,52,1,27,1,PR,3,Maringá,6,Câncer XYZ,3,Câncer,100.0,2,Minhas Listas,2,10,1
918,173,2,30,2,SP,3,Osasco,1,Analgésico ABC,1,Analgésicos,79.0,3,Categorias,6,11,0
919,37,1,60,2,SP,3,São Paulo,5,Câncer ABC,3,Câncer,10.0,2,Minhas Listas,3,23,0
920,108,1,59,1,PR,3,Maringá,1,Analgésico ABC,1,Analgésicos,73.0,2,Minhas Listas,6,23,1
921,47,1,38,2,SP,3,Osasco,2,Analgésico XYZ,1,Analgésicos,95.0,2,Minhas Listas,5,23,1
922,152,2,50,1,PR,1,Curitiba,6,Câncer XYZ,3,Câncer,85.0,3,Categorias,5,13,0
923,66,2,28,1,PR,3,Maringá,5,Câncer ABC,3,Câncer,27.0,3,Categorias,4,9,1
924,180,2,39,1,PR,1,Curitiba,5,Câncer ABC,3,Câncer,26.0,2,Minhas Listas,6,20,1
925,105,1,58,2,SP,3,São Paulo,6,Câncer XYZ,3,Câncer,78.0,3,Categorias,2,24,1
926,165,1,21,2,SP,3,Osasco,2,Analgésico XYZ,1,Analgésicos,5.0,3,Categorias,2,9,1
927,195,2,22,2,SP,3,Osasco,4,Antigripal XYZ,2,Antigripal,39.0,2,Minhas Listas,5,19,0
928,178,1,28,1,PR,3,Maringá,2,Analgésico XYZ,1,Analgésicos,20.0,1,Busca,7,18,0
929,131,2,51,1,PR,3,Maringá,6,Câncer XYZ,3,Câncer,38.0,3,Categorias,2,22,1
930,40,2,37,2,SP,3,Osasco,1,Analgésico ABC,1,Analgésicos,95.0,3,Categorias,4,14,0
931,191,1,28,1,PR,1,Curitiba,5,Câncer ABC,3,Câncer,91.0,1,Busca,1,15,1
932,31,2,42,2,SP,3,São Paulo,6,Câncer XYZ,3,Câncer,64.0,3,Categorias,5,15,1
933,161,2,30,2,SP,3,Osasco,5,Câncer ABC,3,Câncer,40.0,3,Categorias,4,10,1
934,107,2,31,2,SP,3,Osasco,6,Câncer XYZ,3,Câncer,20.0,1,Busca,1,19,0
935,105,1,58,2,SP,3,São Paulo,5,Câncer ABC,3,Câncer,18.0,1,Busca,4,24,1
936,59,2,36,1,PR,3,Maringá,1,Analgésico ABC,1,Analgésicos,54.0,2,Minhas Listas,7,11,0
937,125,1,45,1,PR,1,Curitiba,3,Antigripal ABC,2,Antigripal,61.0,3,Categorias,6,15,1
938,56,2,20,1,PR,1,Curitiba,6,Câncer XYZ,3,Câncer,99.0,1,Busca,2,6,1
939,95,1,22,2,SP,3,São Paulo,5,Câncer ABC,3,Câncer,76.0,3,Categorias,5,10,1
940,15,1,38,2,SP,3,Osasco,3,Antigripal ABC,2,Antigripal,1.0,1,Busca,3,11,1
941,125,1,45,2,SP,3,Osasco,5,Câncer ABC,3,Câncer,9.0,2,Minhas Listas,1,13,1
942,136,2,24,2,SP,3,São Paulo,2,Analgésico XYZ,1,Analgésicos,36.0,2,Minhas Listas,5,17,1
943,188,2,22,2,SP,3,Osasco,1,Analgésico ABC,1,Analgésicos,8.0,1,Busca,6,8,1
944,57,1,51,1,PR,3,Maringá,1,Analgésico ABC,1,Analgésicos,18.0,1,Busca,2,15,0
945,135,2,29,1,PR,1,Curitiba,3,Antigripal ABC,2,Antigripal,55.0,2,Minhas Listas,7,13,0
946,188,2,22,1,PR,1,Curitiba,3,Antigripal ABC,2,Antigripal,85.0,1,Busca,1,17,0
947,63,2,48,1,PR,3,Maringá,6,Câncer XYZ,3,Câncer,87.0,3,Categorias,3,20,1
948,3,2,40,1,PR,3,Maringá,6,Câncer XYZ,3,Câncer,28.0,2,Minhas Listas,1,13,0
949,154,2,58,1,PR,3,Maringá,6,Câncer XYZ,3,Câncer,95.0,2,Minhas Listas,7,21,0
950,129,1,38,2,SP,3,São Paulo,5,Câncer ABC,3,Câncer,10.0,1,Busca,5,12,1
951,188,2,22,1,PR,3,Maringá,4,Antigripal XYZ,2,Antigripal,80.0,1,Busca,1,15,1
952,149,2,52,1,PR,1,Curitiba,6,Câncer XYZ,3,Câncer,23.0,3,Categorias,4,24,0
953,67,1,52,1,PR,3,Maringá,6,Câncer XYZ,3,Câncer,52.0,1,Busca,4,12,0
954,185,1,57,2,SP,3,Osasco,3,Antigripal ABC,2,Antigripal,67.0,1,Busca,2,17,1
955,24,2,55,1,PR,1,Curitiba,6,Câncer XYZ,3,Câncer,15.0,2,Minhas Listas,5,7,0
956,88,2,55,2,SP,3,São Paulo,5,Câncer ABC,3,Câncer,88.0,3,Categorias,6,18,1
957,77,1,58,2,SP,3,Osasco,4,Antigripal XYZ,2,Antigripal,77.0,3,Categorias,6,22,1
958,69,1,39,2,SP,3,Osasco,2,Analgésico XYZ,1,Analgésicos,42.0,2,Minhas Listas,7,10,1
959,144,2,39,1,PR,1,Curitiba,6,Câncer XYZ,3,Câncer,23.0,2,Minhas Listas,6,21,0
960,150,2,43,2,SP,3,São Paulo,3,Antigripal ABC,2,Antigripal,10.0,3,Categorias,2,14,1
961,22,2,47,1,PR,1,Curitiba,2,Analgésico XYZ,1,Analgésicos,84.0,3,Categorias,5,6,1
962,11,1,51,1,PR,1,Curitiba,1,Analgésico ABC,1,Analgésicos,25.0,2,Minhas Listas,3,6,0
963,55,1,48,1,PR,3,Maringá,3,Antigripal ABC,2,Antigripal,26.0,3,Categorias,2,19,0
964,48,1,36,1,PR,3,Maringá,6,Câncer XYZ,3,Câncer,47.0,3,Categorias,6,13,0
965,27,2,35,2,SP,3,Osasco,1,Analgésico ABC,1,Analgésicos,17.0,1,Busca,3,18,1
966,37,1,60,1,PR,1,Curitiba,5,Câncer ABC,3,Câncer,93.0,1,Busca,5,18,0
967,145,2,23,1,PR,3,Maringá,2,Analgésico XYZ,1,Analgésicos,21.0,3,Categorias,5,23,1
968,190,2,49,1,PR,1,Curitiba,1,Analgésico ABC,1,Analgésicos,3.0,2,Minhas Listas,4,23,1
969,39,2,47,2,SP,3,São Paulo,1,Analgésico ABC,1,Analgésicos,30.0,2,Minhas Listas,3,8,0
970,160,1,37,2,SP,3,Osasco,2,Analgésico XYZ,1,Analgésicos,94.0,3,Categorias,2,9,0
971,199,2,57,1,PR,1,Curitiba,3,Antigripal ABC,2,Antigripal,85.0,3,Categorias,3,12,1
972,131,2,51,2,SP,3,São Paulo,1,Analgésico ABC,1,Analgésicos,13.0,1,Busca,1,12,1
973,142,2,54,1,PR,1,Curitiba,4,Antigripal XYZ,2,Antigripal,54.0,2,Minhas Listas,1,15,1
974,68,2,48,2,SP,3,São Paulo,1,Analgésico ABC,1,Analgésicos,35.0,2,Minhas Listas,5,19,1
975,15,1,38,2,SP,3,São Paulo,1,Analgésico ABC,1,Analgésicos,51.0,3,Categorias,6,13,0
976,126,2,44,2,SP,3,São Paulo,4,Antigripal XYZ,2,Antigripal,68.0,3,Categorias,2,23,0
977,2,2,34,1,PR,3,Maringá,2,Analgésico XYZ,1,Analgésicos,2.0,2,Minhas Listas,5,7,1
978,0,1,23,2,SP,3,São Paulo,2,Analgésico XYZ,1,Analgésicos,99.0,1,Busca,7,18,0
979,14,2,29,1,PR,3,Maringá,6,Câncer XYZ,3,Câncer,36.0,3,Categorias,2,6,0
980,147,2,57,1,PR,1,Curitiba,1,Analgésico ABC,1,Analgésicos,51.0,2,Minhas Listas,4,15,1
981,198,2,36,1,PR,3,Maringá,2,Analgésico XYZ,1,Analgésicos,24.0,2,Minhas Listas,7,10,0
982,15,1,38,2,SP,3,Osasco,4,Antigripal XYZ,2,Antigripal,83.0,1,Busca,7,16,1
983,28,2,21,1,PR,3,Maringá,1,Analgésico ABC,1,Analgésicos,79.0,2,Minhas Listas,2,13,0
984,158,1,48,2,SP,3,São Paulo,4,Antigripal XYZ,2,Antigripal,82.0,3,Categorias,4,13,0
985,103,1,47,1,PR,1,Curitiba,6,Câncer XYZ,3,Câncer,64.0,1,Busca,3,12,1
986,20,2,43,1,PR,1,Curitiba,2,Analgésico XYZ,1,Analgésicos,47.0,2,Minhas Listas,6,18,1
987,150,2,43,2,SP,3,Osasco,4,Antigripal XYZ,2,Antigripal,61.0,3,Categorias,7,8,0
988,45,2,48,1,PR,3,Maringá,4,Antigripal XYZ,2,Antigripal,35.0,3,Categorias,5,15,0
989,159,1,45,2,SP,3,São Paulo,4,Antigripal XYZ,2,Antigripal,2.0,3,Categorias,7,10,0
990,198,2,36,2,SP,3,Osasco,2,Analgésico XYZ,1,Analgésicos,57.0,1,Busca,5,19,0
991,165,1,21,2,SP,3,Osasco,4,Antigripal XYZ,2,Antigripal,85.0,2,Minhas Listas,2,12,1
992,192,1,40,2,SP,3,São Paulo,6,Câncer XYZ,3,Câncer,84.0,2,Minhas Listas,4,14,0
993,141,2,26,2,SP,3,Osasco,1,Analgésico ABC,1,Analgésicos,89.0,1,Busca,4,17,0
994,79,2,59,1,PR,3,Maringá,1,Analgésico ABC,1,Analgésicos,32.0,1,Busca,4,10,1
995,149,2,52,2,SP,3,São Paulo,6,Câncer XYZ,3,Câncer,6.0,2,Minhas Listas,6,21,0
996,57,1,51,2,SP,3,Osasco,2,Analgésico XYZ,1,Analgésicos,55.0,2,Minhas Listas,3,19,0
997,53,2,58,2,SP,3,Osasco,1,Analgésico ABC,1,Analgésicos,66.0,3,Categorias,3,16,0
998,6,1,49,2,SP,3,Osasco,4,Antigripal XYZ,2,Antigripal,80.0,3,Categorias,7,22,1
999,77,1,58,2,SP,3,São Paulo,1,Analgésico ABC,1,Analgésicos,37.0,1,Busca,2,6,0
1000,27,2,35,1,PR,1,Curitiba,5,Câncer ABC,3,Câncer,72.0,3,Categorias,2,8,0
